date,close,open,high,low,volume
2007-01-03,31.00,31.09,31.54,30.35,25200
2007-01-04,30.929999,31.00,31.210001,30.25,16800
2007-01-05,30.479999,30.729999,30.90,30.29,16500
2007-01-08,30.40,30.370002,30.779999,29.920002,14600
2007-01-09,30.24,30.370002,30.370002,29.629999,14200
2007-01-10,30.05,29.89,30.19,29.620002,22400
2007-01-11,30.04,29.79,30.80,29.79,11900
2007-01-12,30.360001,30.00,30.40,30.00,10900
2007-01-16,30.10,29.970002,30.34,29.75,12400
2007-01-17,29.079999,29.65,29.89,29.010001,33500
2007-01-18,27.55,28.710001,28.779999,27.30,35200
2007-01-19,27.510001,27.529999,27.54,26.910001,24400
2007-01-22,26.870002,27.09,27.30,26.760001,22100
2007-01-23,27.010001,26.94,27.179999,26.74,10100
2007-01-24,27.570002,27.00,27.670002,26.879999,15000
2007-01-25,27.04,27.54,27.79,26.80,27000
2007-01-26,26.820002,27.010001,27.19,26.70,18700
2007-01-29,26.310001,26.610001,26.929999,25.85,47700
2007-01-30,26.45,26.260001,26.60,26.05,29800
2007-01-31,26.329999,26.34,26.570002,25.879999,17600
2007-02-01,27.320002,26.360001,27.49,26.29,22800
2007-02-02,26.920002,27.320002,27.460001,26.85,12100
2007-02-05,26.69,26.770002,27.129999,26.59,10000
2007-02-06,26.90,26.820002,27.14,26.55,12700
2007-02-07,27.029999,26.89,27.070002,26.85,8900
2007-02-08,27.14,27.04,27.260001,26.910001,8700
2007-02-09,27.04,27.179999,27.179999,26.70,15400
2007-02-12,27.10,26.89,27.110001,26.570002,10000
2007-02-13,27.25,27.110001,27.25,26.929999,7000
2007-02-14,26.74,27.220002,27.229999,26.60,12900
2007-02-15,26.60,26.760001,27.020002,26.479999,8100
2007-02-16,26.820002,26.629999,26.89,26.460001,5700
2007-02-20,27.320002,26.70,27.44,26.65,9400
2007-02-21,27.360001,27.279999,27.44,27.15,4800
2007-02-22,27.329999,27.320002,27.420002,27.09,7400
2007-02-23,27.25,27.34,27.429999,27.079999,6600
2007-02-26,26.84,27.229999,27.370002,26.75,10300
2007-02-27,26.160001,26.50,26.74,26.09,14800
2007-02-28,26.020002,26.14,26.610001,25.84,11100
2007-03-01,26.04,25.75,26.660001,25.69,19400
2007-03-02,25.52,25.860001,26.05,25.45,16100
2007-03-05,24.95,25.35,25.74,24.930001,13700
2007-03-06,25.47,25.230001,25.660001,25.10,21300
2007-03-07,25.17,25.40,25.47,25.10,9000
2007-03-08,25.05,25.27,25.729999,25.00,13800
2007-03-09,25.32,25.30,25.79,25.12,5100
2007-03-12,25.20,25.22,25.35,25.080001,4900
2007-03-13,24.680001,25.00,25.14,24.55,23000
2007-03-14,25.14,24.50,25.160001,24.50,13300
2007-03-15,25.25,25.030001,25.25,24.760001,12400
2007-03-16,25.20,25.24,25.24,24.75,22300
2007-03-19,25.05,25.35,25.35,24.960001,7300
2007-03-20,25.35,24.99,25.35,24.90,7800
2007-03-21,25.879999,25.27,25.90,25.00,18700
2007-03-22,26.620002,25.860001,26.75,25.860001,23700
2007-03-23,26.55,26.710001,26.710001,26.320002,7900
2007-03-26,26.070002,26.470002,26.74,25.85,8800
2007-03-27,25.80,26.029999,26.120002,25.629999,4500
2007-03-28,25.330001,25.629999,25.720002,25.260001,6200
2007-03-29,25.480001,25.55,25.64,24.960001,9000
2007-03-30,25.94,25.55,25.95,25.30,9900
2007-04-02,25.05,26.05,26.05,24.94,9300
2007-04-03,25.50,25.10,25.64,25.00,6000
2007-04-04,25.22,25.44,25.660001,25.02,4800
2007-04-05,25.030001,25.160001,25.20,24.90,15200
2007-04-09,24.79,24.90,25.09,24.710001,8000
2007-04-10,24.95,24.730001,24.980001,24.45,14600
2007-04-11,24.57,25.00,25.00,24.360001,9200
2007-04-12,23.580001,24.39,24.50,23.29,31900
2007-04-13,23.610001,23.32,23.64,23.22,20300
2007-04-16,23.42,23.64,23.760001,23.34,20900
2007-04-17,23.42,23.360001,23.49,23.330001,14000
2007-04-18,23.44,23.27,23.50,23.27,16300
2007-04-19,23.05,23.310001,23.32,23.00,11600
2007-04-20,23.14,23.280001,23.430001,22.930001,16500
2007-04-23,22.880001,23.05,23.19,22.67,12700
2007-04-24,22.35,22.880001,22.880001,22.24,16100
2007-04-25,22.260001,22.49,22.49,22.17,17300
2007-04-26,22.080001,22.20,22.40,22.07,22900
2007-04-27,21.99,22.09,22.280001,21.94,34900
2007-04-30,21.44,21.830001,21.980001,21.42,25700
2007-05-01,22.27,21.480001,22.44,21.410001,23200
2007-05-02,22.47,22.360001,22.930001,22.310001,20800
2007-05-03,22.410001,22.42,22.55,22.310001,10400
2007-05-04,22.50,22.410001,22.55,22.180001,11800
2007-05-07,22.44,22.50,22.59,22.35,7600
2007-05-08,22.160001,22.410001,22.410001,22.010001,9200
2007-05-09,22.160001,22.02,22.30,21.930001,9700
2007-05-10,21.830001,22.010001,22.280001,21.77,14900
2007-05-11,22.17,21.780001,22.360001,21.760001,14200
2007-05-14,21.94,22.20,22.360001,21.90,11600
2007-05-15,21.860001,21.960001,22.14,21.75,11300
2007-05-16,21.97,21.97,22.160001,21.67,8700
2007-05-17,21.430001,21.87,21.87,21.210001,22400
2007-05-18,21.45,21.44,21.480001,21.30,12400
2007-05-21,21.530001,21.380001,21.60,21.380001,16200
2007-05-22,21.760001,21.59,21.780001,21.310001,16600
2007-05-23,21.580001,21.85,22.09,21.57,8800
2007-05-24,21.67,21.510001,22.04,21.480001,11100
2007-05-25,21.730001,21.67,21.92,21.50,4200
2007-05-29,22.37,21.75,22.380001,21.75,18500
2007-05-30,22.260001,22.15,22.29,21.87,12200
2007-05-31,22.50,22.35,22.59,22.280001,17300
2007-06-01,22.860001,22.55,23.210001,22.530001,17400
2007-06-04,22.660001,22.810001,22.810001,22.480001,10100
2007-06-05,22.24,22.54,22.560001,22.17,9900
2007-06-06,22.010001,22.04,22.160001,21.80,8000
2007-06-07,22.010001,21.79,22.060001,21.610001,12600
2007-06-08,22.17,21.92,22.27,21.67,8500
2007-06-11,22.55,22.160001,22.75,21.84,30500
2007-06-12,22.47,22.780001,22.780001,22.39,23100
2007-06-13,22.580001,22.610001,22.75,22.45,12500
2007-06-14,22.580001,22.730001,22.95,22.52,7900
2007-06-15,22.830001,22.94,23.25,22.610001,26300
2007-06-18,22.830001,22.980001,22.980001,22.510001,8500
2007-06-19,23.02,22.780001,23.05,22.55,8600
2007-06-20,23.160001,23.180001,23.530001,23.00,26800
2007-06-21,22.910001,23.07,23.14,22.74,11000
2007-06-22,23.10,22.910001,23.10,22.560001,101900
2007-06-25,23.460001,23.030001,23.85,22.87,32300
2007-06-26,23.25,23.60,23.680001,23.15,24700
2007-06-27,23.77,23.20,23.82,22.880001,20500
2007-06-28,23.59,23.69,23.780001,23.430001,10600
2007-06-29,23.14,23.710001,23.810001,23.130001,9600
2007-07-02,23.45,23.330001,23.530001,23.00,11700
2007-07-03,23.310001,23.55,23.630001,23.230001,13700
2007-07-05,23.160001,23.260001,23.40,22.95,8300
2007-07-06,23.110001,23.15,23.25,23.07,6300
2007-07-09,23.00,23.060001,23.22,22.810001,6700
2007-07-10,22.380001,22.99,23.29,22.27,15500
2007-07-11,22.14,22.410001,22.780001,21.95,11300
2007-07-12,22.69,22.30,22.74,22.04,30600
2007-07-13,22.380001,22.560001,22.67,22.34,6800
2007-07-16,22.44,22.25,22.72,22.25,20800
2007-07-17,23.080001,23.00,23.72,22.980001,24900
2007-07-18,23.14,23.080001,23.35,22.92,23600
2007-07-19,23.260001,23.25,23.730001,23.14,18200
2007-07-20,22.92,23.210001,23.30,22.430001,18600
2007-07-23,22.87,22.95,23.30,22.85,11300
2007-07-24,23.030001,22.680001,23.180001,22.67,41200
2007-07-25,22.85,23.110001,23.110001,22.50,28500
2007-07-26,22.110001,22.730001,22.960001,21.75,18100
2007-07-27,21.410001,21.660001,22.05,21.380001,15300
2007-07-30,21.560001,21.47,21.810001,20.680001,15900
2007-07-31,21.810001,21.69,22.07,21.45,31000
2007-08-01,21.82,21.660001,21.980001,21.430001,19100
2007-08-02,22.00,21.74,22.080001,21.05,19200
2007-08-03,21.44,21.92,22.130001,21.15,21600
2007-08-06,23.04,21.42,23.04,21.30,21600
2007-08-07,22.67,22.90,23.00,22.260001,23200
2007-08-08,23.79,22.85,24.44,22.82,52800
2007-08-09,24.07,23.79,25.00,23.59,38400
2007-08-10,23.80,23.77,24.70,22.79,18700
2007-08-13,23.210001,24.030001,24.30,22.65,10300
2007-08-14,22.74,23.210001,23.580001,22.660001,10800
2007-08-15,22.710001,22.660001,23.50,22.610001,9300
2007-08-16,23.760001,22.580001,24.00,22.530001,29900
2007-08-17,24.52,24.47,25.00,23.960001,35200
2007-08-20,24.45,24.530001,24.710001,24.030001,10100
2007-08-21,24.80,24.50,24.99,24.210001,13000
2007-08-22,24.85,24.65,25.280001,24.50,13600
2007-08-23,24.44,25.02,25.02,24.260001,8000
2007-08-24,24.57,24.50,24.70,23.94,11800
2007-08-27,23.980001,24.54,24.54,23.80,12800
2007-08-28,23.160001,23.77,23.77,23.160001,10000
2007-08-29,23.74,23.160001,23.75,23.130001,11300
2007-08-30,23.39,23.40,23.87,23.210001,4800
2007-08-31,23.45,23.530001,24.04,23.24,8100
2007-09-04,23.610001,23.44,23.910001,23.130001,10600
2007-09-05,23.17,23.50,23.84,23.00,11700
2007-09-06,23.19,23.29,23.54,23.080001,12200
2007-09-07,22.60,23.010001,23.12,22.510001,11800
2007-09-10,22.30,22.70,22.92,22.10,14100
2007-09-11,22.65,22.460001,22.880001,22.460001,8500
2007-09-12,22.380001,22.69,22.69,22.25,9400
2007-09-13,22.35,22.44,22.79,22.20,11900
2007-09-14,22.67,22.07,22.74,22.05,9500
2007-09-17,22.860001,22.580001,23.110001,22.580001,6700
2007-09-18,23.75,22.94,24.02,22.860001,16100
2007-09-19,24.32,23.910001,24.630001,23.87,15600
2007-09-20,23.77,24.27,24.27,23.65,9600
2007-09-21,23.510001,24.030001,24.030001,23.27,15000
2007-09-24,23.09,23.50,23.87,22.89,7300
2007-09-25,23.010001,22.95,23.130001,22.79,7400
2007-09-26,22.830001,23.210001,23.42,22.77,6500
2007-09-27,22.680001,22.980001,23.25,22.460001,8800
2007-09-28,22.260001,22.710001,22.74,22.12,10900
2007-10-01,22.97,22.27,23.40,22.27,9500
2007-10-02,23.460001,23.00,23.49,22.75,27300
2007-10-03,22.84,23.25,24.00,22.69,11800
2007-10-04,23.35,22.980001,23.410001,22.87,9600
2007-10-05,23.90,23.62,24.14,23.62,14400
2007-10-08,23.32,23.79,23.84,23.24,14600
2007-10-09,23.24,23.35,23.760001,23.080001,14600
2007-10-10,22.75,23.29,23.35,22.57,10200
2007-10-11,22.14,22.75,23.030001,22.14,12800
2007-10-12,22.30,22.10,22.52,22.10,11300
2007-10-15,21.65,22.37,22.37,21.560001,19900
2007-10-16,20.27,21.510001,21.65,20.07,50100
2007-10-17,19.480001,20.360001,20.67,19.35,34800
2007-10-18,19.47,19.44,20.50,19.12,40200
2007-10-19,18.980001,19.47,19.52,18.84,35700
2007-10-22,19.05,19.19,19.37,18.74,26300
2007-10-23,18.760001,19.280001,19.40,18.49,33600
2007-10-24,18.35,18.660001,18.79,17.880001,45900
2007-10-25,19.010001,18.360001,19.130001,18.35,24300
2007-10-26,19.15,19.25,19.49,18.92,25000
2007-10-29,18.730001,19.20,19.25,18.69,11900
2007-10-30,18.630001,18.680001,18.85,18.40,11800
2007-10-31,19.24,18.74,19.430001,18.710001,20100
2007-11-01,17.35,18.95,19.19,17.30,29000
2007-11-02,17.130001,17.530001,17.60,16.660001,27900
2007-11-05,17.05,17.10,17.230001,16.780001,27700
2007-11-06,17.54,17.07,17.580001,16.85,13400
2007-11-07,16.62,17.510001,17.610001,16.59,17200
2007-11-08,17.50,16.730001,17.52,16.360001,20600
2007-11-09,18.72,17.14,18.77,16.760001,33300
2007-11-12,18.49,18.680001,19.44,18.47,25700
2007-11-13,18.960001,18.70,19.05,18.70,13500
2007-11-14,18.160001,19.25,19.25,18.10,15600
2007-11-15,17.80,18.00,18.50,17.410001,22600
2007-11-16,17.45,17.85,18.09,17.110001,16300
2007-11-19,17.24,17.34,17.480001,17.00,11500
2007-11-20,17.480001,17.210001,17.55,16.89,14000
2007-11-21,17.29,17.35,17.730001,17.260001,9800
2007-11-23,17.80,17.360001,18.060001,17.34,5200
2007-11-26,16.610001,17.79,17.79,16.580001,9900
2007-11-27,16.84,16.65,17.20,16.630001,23100
2007-11-28,17.49,16.84,17.60,16.84,21500
2007-11-29,17.380001,17.560001,17.62,17.29,9600
2007-11-30,17.34,17.660001,17.94,17.22,21400
2007-12-03,17.04,17.410001,17.680001,16.90,10200
2007-12-04,16.39,16.85,16.880001,16.32,25600
2007-12-05,16.610001,16.67,16.960001,16.280001,17400
2007-12-06,17.160001,16.610001,17.50,16.210001,24300
2007-12-07,16.52,17.12,17.12,16.25,22200
2007-12-10,16.89,16.530001,16.980001,16.510001,19000
2007-12-11,16.57,16.94,17.460001,16.45,30200
2007-12-12,16.710001,16.64,17.20,16.45,24700
2007-12-13,15.87,16.59,16.610001,15.75,29600
2007-12-14,15.760001,15.87,16.160001,15.64,18000
2007-12-17,15.50,15.630001,15.75,15.45,17100
2007-12-18,15.780001,15.630001,15.810001,15.10,17000
2007-12-19,14.760001,15.680001,15.84,14.75,24900
2007-12-20,14.85,15.00,15.07,14.360001,30400
2007-12-21,15.080001,16.00,16.110001,14.25,99300
2007-12-24,15.54,15.04,15.75,15.04,10500
2007-12-26,15.40,15.50,15.64,15.19,21600
2007-12-27,14.57,15.50,15.630001,14.32,20000
2007-12-28,14.04,14.80,15.02,13.780001,24400
2007-12-31,13.92,14.00,14.260001,13.44,43100
2008-01-02,13.44,13.92,14.110001,13.080001,58100
2008-01-03,13.260001,13.44,13.87,13.05,32200
2008-01-04,12.07,12.57,12.58,11.88,59100
2008-01-07,11.63,12.20,12.28,11.61,54600
2008-01-08,12.00,11.75,12.30,11.75,33500
2008-01-09,11.94,11.96,12.19,11.63,21000
2008-01-10,12.63,12.00,13.10,11.65,35000
2008-01-11,12.810001,12.51,12.99,12.29,35600
2008-01-14,12.49,12.93,12.94,12.33,16500
2008-01-15,12.35,12.37,13.180001,12.03,18400
2008-01-16,12.48,12.36,12.73,12.29,16200
2008-01-17,11.97,12.50,12.72,11.96,23700
2008-01-18,11.93,12.01,12.36,11.67,15100
2008-01-22,11.86,11.50,12.42,11.50,23800
2008-01-23,14.110001,11.74,14.380001,11.63,63700
2008-01-24,12.98,14.460001,14.480001,12.72,45200
2008-01-25,12.910001,13.39,13.47,12.89,28400
2008-01-28,13.04,12.910001,14.430001,12.58,22100
2008-01-29,12.960001,12.860001,13.17,12.53,17400
2008-01-30,12.74,12.88,13.24,12.52,25500
2008-01-31,12.90,12.58,13.00,12.46,26500
2008-02-01,12.92,12.94,13.42,12.80,47600
2008-02-04,12.74,12.90,13.05,12.69,40900
2008-02-05,12.64,12.60,12.89,12.60,26800
2008-02-06,12.50,12.72,12.810001,12.46,17600
2008-02-07,12.75,12.46,12.82,12.46,23000
2008-02-08,12.62,12.69,13.00,12.44,12600
2008-02-11,12.43,12.61,12.67,12.37,15600
2008-02-12,12.46,12.51,12.960001,12.40,11600
2008-02-13,12.69,12.66,12.99,12.53,24700
2008-02-14,12.39,12.71,12.83,12.34,19000
2008-02-15,12.21,12.31,12.56,12.09,14100
2008-02-19,12.18,12.42,12.53,12.05,14600
2008-02-20,12.70,12.15,12.76,12.15,13200
2008-02-21,12.11,12.83,12.85,12.06,18600
2008-02-22,11.17,12.00,12.07,10.62,53500
2008-02-25,10.98,11.13,11.44,10.77,20400
2008-02-26,10.95,10.95,11.22,10.90,17500
2008-02-27,10.69,10.86,11.00,10.64,17300
2008-02-28,10.39,10.75,10.91,10.35,37700
2008-02-29,10.16,10.50,10.93,10.11,24400
2008-03-03,10.13,10.20,10.26,9.98,17400
2008-03-04,9.93,10.00,10.18,9.80,19900
2008-03-05,9.71,10.00,10.11,9.49,23800
2008-03-06,9.53,9.69,9.78,9.48,19000
2008-03-07,9.78,9.53,9.99,9.53,17800
2008-03-10,9.85,9.86,10.15,9.71,21000
2008-03-11,9.92,9.91,10.34,9.71,37000
2008-03-12,9.77,9.94,10.43,9.77,31300
2008-03-13,9.68,9.65,9.88,9.53,24100
2008-03-14,9.26,9.73,9.73,9.16,46400
2008-03-17,9.25,9.20,9.45,9.01,26300
2008-03-18,9.72,9.49,9.72,9.25,10400
2008-03-19,9.76,9.81,10.14,9.76,22200
2008-03-20,10.46,9.95,10.57,9.77,43900
2008-03-24,10.47,10.57,10.90,10.33,21300
2008-03-25,10.75,10.48,10.99,10.25,14600
2008-03-26,10.62,10.68,10.99,10.50,15200
2008-03-27,10.27,10.67,10.67,10.25,18100
2008-03-28,9.83,10.25,10.25,9.72,17100
2008-03-31,9.56,9.87,9.99,9.55,17500
2008-04-01,10.12,9.65,10.22,9.65,21900
2008-04-02,9.84,10.09,10.35,9.84,17100
2008-04-03,9.79,9.81,9.91,9.69,14600
2008-04-04,9.23,9.76,9.85,9.20,25900
2008-04-07,9.49,9.33,9.95,9.33,20100
2008-04-08,9.01,9.40,9.45,8.87,42200
2008-04-09,9.06,9.04,9.20,8.91,25400
2008-04-10,9.05,9.15,9.20,9.01,15200
2008-04-11,8.99,9.16,9.21,8.91,14500
2008-04-14,8.85,9.01,9.09,8.82,13500
2008-04-15,8.87,8.89,9.06,8.80,5200
2008-04-16,9.44,8.93,9.65,8.93,17600
2008-04-17,9.24,9.35,9.35,9.14,6400
2008-04-18,9.23,9.47,9.64,9.19,9200
2008-04-21,9.20,9.23,9.30,9.06,6400
2008-04-22,8.91,9.30,9.30,8.86,10300
2008-04-23,8.96,9.10,9.10,8.88,12000
2008-04-24,9.21,8.90,9.34,8.78,24600
2008-04-25,9.09,9.23,9.24,8.87,17800
2008-04-28,9.20,9.06,9.30,9.01,23000
2008-04-29,8.99,9.00,9.21,8.99,15500
2008-04-30,9.12,9.04,9.21,9.00,10500
2008-05-01,9.44,9.15,9.45,9.00,14000
2008-05-02,9.35,9.50,9.58,9.23,12600
2008-05-05,9.27,9.45,9.50,9.18,8700
2008-05-06,9.54,9.37,10.09,9.35,18500
2008-05-07,9.56,9.53,9.86,9.30,7400
2008-05-08,8.86,9.62,9.62,8.85,11400
2008-05-09,8.78,8.85,9.06,8.75,13900
2008-05-12,9.13,8.81,9.13,8.81,23200
2008-05-13,8.92,9.19,9.19,8.76,10100
2008-05-14,8.96,8.92,9.02,8.88,10100
2008-05-15,8.99,8.94,9.07,8.88,16700
2008-05-16,8.93,9.14,9.14,8.90,12600
2008-05-19,8.81,8.97,9.00,8.78,18500
2008-05-20,8.82,8.81,8.98,8.75,8100
2008-05-21,8.75,8.86,9.03,8.75,13200
2008-05-22,8.75,8.80,9.00,8.55,13000
2008-05-23,8.60,8.75,8.83,8.55,5900
2008-05-27,8.79,8.78,8.99,8.60,7600
2008-05-28,9.00,8.99,9.00,8.65,8000
2008-05-29,9.00,8.99,9.01,8.65,7600
2008-05-30,8.77,9.01,9.01,8.63,16100
2008-06-02,8.58,8.71,9.00,8.52,8500
2008-06-03,8.58,8.63,8.71,8.50,6300
2008-06-04,8.83,8.55,8.86,8.55,7000
2008-06-05,8.94,8.85,9.00,8.85,11000
2008-06-06,8.62,8.84,8.94,8.50,10700
2008-06-09,8.32,8.76,8.76,8.23,9000
2008-06-10,8.37,8.23,8.47,7.75,28100
2008-06-11,8.34,8.38,8.49,8.24,10700
2008-06-12,8.00,8.43,8.44,7.96,6500
2008-06-13,8.13,8.11,8.31,7.92,8000
2008-06-16,8.24,8.23,8.25,8.05,8000
2008-06-17,8.61,8.43,8.84,8.17,10800
2008-06-18,8.45,8.72,8.79,8.27,18000
2008-06-19,8.04,8.41,8.59,7.90,21600
2008-06-20,8.19,8.17,8.31,7.94,22300
2008-06-23,7.97,8.27,8.30,7.86,6700
2008-06-24,8.11,7.80,8.20,7.75,11200
2008-06-25,8.11,8.10,8.37,7.90,12000
2008-06-26,7.94,8.03,8.23,7.76,8000
2008-06-27,7.76,7.91,7.99,7.51,37400
2008-06-30,7.70,7.73,7.90,7.43,8800
2008-07-01,7.89,7.60,7.90,7.14,19200
2008-07-02,7.75,7.91,7.99,7.63,13400
2008-07-03,7.49,7.74,7.74,7.38,1700
2008-07-07,7.04,7.73,7.73,7.04,7300
2008-07-08,7.16,7.04,7.26,7.00,17900
2008-07-09,6.91,7.19,7.20,6.86,15600
2008-07-10,7.07,6.91,7.18,6.90,6200
2008-07-11,7.06,7.02,7.31,6.96,10500
2008-07-14,6.70,7.18,7.18,6.51,12500
2008-07-15,6.73,6.57,7.25,6.26,15500
2008-07-16,7.65,6.86,7.75,6.70,15500
2008-07-17,8.16,7.75,8.25,7.27,24100
2008-07-18,8.21,8.25,8.68,7.99,8100
2008-07-21,7.87,8.22,8.75,7.87,7700
2008-07-22,8.00,7.99,8.00,7.85,15600
2008-07-23,8.24,8.25,8.67,7.95,12300
2008-07-24,6.82,8.00,8.00,6.55,27100
2008-07-25,7.12,7.04,7.44,6.84,10000
2008-07-28,6.68,7.20,7.30,6.52,8600
2008-07-29,7.03,6.72,7.16,6.72,11100
2008-07-30,7.42,7.09,7.94,7.09,8700
2008-07-31,7.47,7.45,7.59,7.31,13100
2008-08-01,7.29,7.50,7.50,7.24,7100
2008-08-04,6.90,7.29,7.32,6.87,6200
2008-08-05,6.95,6.99,7.08,6.80,9900
2008-08-06,6.69,6.95,6.95,6.62,13900
2008-08-07,6.56,6.70,6.94,6.49,11600
2008-08-08,6.68,6.54,6.97,6.50,10700
2008-08-11,7.14,6.79,7.35,6.54,18800
2008-08-12,7.12,7.12,7.30,6.96,6900
2008-08-13,7.03,7.10,7.29,6.95,9700
2008-08-14,7.40,7.02,7.50,7.00,7900
2008-08-15,7.47,7.47,7.49,7.18,6900
2008-08-18,7.55,7.50,7.74,7.22,7100
2008-08-19,7.30,7.45,7.45,7.13,2900
2008-08-20,7.02,7.29,7.29,6.84,5200
2008-08-21,7.10,6.90,7.29,6.86,5700
2008-08-22,7.65,7.22,7.73,7.06,3400
2008-08-25,7.18,7.55,7.66,7.06,5300
2008-08-26,7.43,7.16,7.74,7.16,3100
2008-08-27,7.08,7.45,7.48,7.01,4500
2008-08-28,7.68,7.13,7.90,6.90,20500
2008-08-29,7.98,7.60,8.00,7.32,7100
2008-09-02,8.28,7.87,8.28,7.87,12400
2008-09-03,8.71,8.24,8.75,7.97,12500
2008-09-04,8.14,8.59,8.60,8.10,7100
2008-09-05,7.86,8.26,8.26,7.45,8800
2008-09-08,8.20,8.24,8.48,8.10,7600
2008-09-09,7.89,8.11,8.47,7.89,7900
2008-09-10,8.37,8.39,8.50,7.74,6400
2008-09-11,8.75,8.13,8.75,8.04,5900
2008-09-12,8.34,8.68,8.77,8.28,9300
2008-09-15,7.52,8.29,8.29,7.46,7100
2008-09-16,8.44,7.09,8.44,7.05,16000
2008-09-17,8.59,8.28,8.80,7.70,23500
2008-09-18,11.00,8.72,11.64,8.30,56100
2008-09-19,11.24,11.24,11.24,10.05,1300
2008-09-22,9.60,10.93,10.94,9.26,13000
2008-09-23,9.00,8.94,9.23,8.50,18800
2008-09-24,8.41,8.99,9.00,8.41,15800
2008-09-25,8.83,8.44,9.25,8.44,16000
2008-09-26,8.85,8.48,8.89,8.48,11200
2008-09-29,8.90,8.72,9.25,7.00,10400
2008-09-30,8.89,8.24,9.26,8.20,12500
2008-10-01,9.48,9.26,9.50,9.02,7600
2008-10-02,9.18,9.46,9.70,9.18,2800
2008-10-03,8.52,9.40,9.84,8.52,8700
2008-10-06,7.99,8.41,8.47,7.57,12000
2008-10-07,6.99,7.98,8.70,6.99,10400
2008-10-08,7.53,6.92,7.98,6.75,18300
2008-10-09,6.90,7.17,7.95,6.89,11100
2008-10-10,8.00,6.61,8.00,6.50,16800
2008-10-13,8.00,8.49,8.93,7.38,16600
2008-10-14,7.73,8.57,8.89,7.35,12000
2008-10-15,7.74,7.62,7.88,6.96,11600
2008-10-16,8.22,7.50,8.48,7.48,16700
2008-10-17,8.49,7.79,8.69,7.78,21200
2008-10-20,9.03,8.51,9.35,8.51,16000
2008-10-21,9.06,9.03,9.10,8.43,10700
2008-10-22,8.41,8.90,8.95,8.37,8400
2008-10-23,9.09,8.32,9.75,8.12,16100
2008-10-24,8.36,7.88,9.34,7.81,11600
2008-10-27,7.76,8.26,8.77,7.75,9100
2008-10-28,8.93,8.03,8.93,7.59,9100
2008-10-29,9.10,9.06,9.10,8.45,9800
2008-10-30,9.15,9.32,9.32,8.51,10000
2008-10-31,9.54,9.02,9.90,8.78,17200
2008-11-03,9.80,9.46,10.00,9.29,5800
2008-11-04,9.70,9.99,10.00,9.54,4800
2008-11-05,8.61,9.53,9.53,8.59,5500
2008-11-06,8.60,8.55,9.02,8.45,8100
2008-11-07,9.13,8.69,9.68,8.69,7500
2008-11-10,9.23,9.36,9.56,9.03,5000
2008-11-11,8.68,9.09,9.39,8.62,8500
2008-11-12,6.73,8.53,8.55,6.66,19400
2008-11-13,9.10,6.70,9.10,6.60,17400
2008-11-14,7.21,8.70,8.94,7.10,12000
2008-11-17,7.84,7.17,8.00,7.00,9100
2008-11-18,6.90,7.85,7.85,6.73,14900
2008-11-19,5.43,6.80,6.87,5.32,23900
2008-11-20,5.43,5.75,6.29,5.43,12600
2008-11-21,6.54,5.67,6.55,5.07,15500
2008-11-24,6.82,6.65,6.95,6.13,10600
2008-11-25,7.00,7.00,7.00,6.34,6600
2008-11-26,7.02,6.77,7.05,6.32,7700
2008-11-28,6.80,6.91,6.91,6.26,3800
2008-12-01,5.29,6.55,6.58,5.29,11200
2008-12-02,6.27,5.66,6.28,5.11,7300
2008-12-03,6.72,6.08,6.77,5.94,5400
2008-12-04,6.17,6.53,6.84,6.02,5300
2008-12-05,6.93,5.96,6.93,5.94,5700
2008-12-08,7.07,7.13,7.50,6.62,9400
2008-12-09,7.10,6.95,7.44,6.77,6700
2008-12-10,7.45,7.18,7.46,6.81,8000
2008-12-11,7.08,7.30,7.49,7.05,8300
2008-12-12,7.60,6.83,7.60,6.81,5400
2008-12-15,7.46,7.63,7.63,7.09,3500
2008-12-16,7.90,7.63,8.00,7.56,13000
2008-12-17,7.78,7.76,7.94,7.52,5700
2008-12-18,7.88,7.81,8.00,7.53,7300
2008-12-19,7.17,8.20,8.20,7.04,33800
2008-12-22,7.31,7.19,7.39,6.90,12500
2008-12-23,7.37,7.34,7.53,7.22,9900
2008-12-24,7.39,7.35,7.60,7.21,3100
2008-12-26,7.27,7.30,7.44,7.03,3900
2008-12-29,5.98,7.27,7.40,5.92,17000
2008-12-30,6.18,6.10,6.47,5.69,16900
2008-12-31,6.75,6.05,7.24,6.04,16600
2009-01-02,7.07,6.86,7.25,6.65,6000
2009-01-05,6.76,7.08,7.24,6.63,6800
2009-01-06,6.60,6.87,7.06,6.36,6000
2009-01-07,6.30,6.50,6.50,6.00,10300
2009-01-08,6.91,6.27,6.91,6.16,8000
2009-01-09,6.05,6.92,6.92,6.00,8400
2009-01-12,5.84,6.15,6.38,5.82,6600
2009-01-13,6.00,5.84,6.07,5.80,6300
2009-01-14,5.21,5.80,5.80,5.16,14400
2009-01-15,4.68,5.20,5.21,4.08,38000
2009-01-16,4.65,4.78,4.98,4.50,9900
2009-01-20,4.11,4.82,4.82,4.11,9100
2009-01-21,4.58,4.12,4.60,3.65,13400
2009-01-22,3.96,4.45,4.45,3.96,6700
2009-01-23,4.04,3.77,4.28,3.66,4700
2009-01-26,4.20,4.24,4.71,4.00,5000
2009-01-27,4.09,4.17,4.35,4.05,4100
2009-01-28,4.22,4.49,4.68,4.00,8500
2009-01-29,3.77,4.07,4.14,3.72,11800
2009-01-30,2.34,2.74,2.74,2.19,48000
2009-02-02,2.61,2.40,2.78,2.39,20500
2009-02-03,2.35,2.72,2.94,2.35,16900
2009-02-04,2.40,2.36,2.50,2.35,6500
2009-02-05,2.22,2.39,2.40,2.20,44400
2009-02-06,2.47,2.27,2.53,2.18,24500
2009-02-09,2.42,2.59,2.87,2.21,34500
2009-02-10,1.82,2.78,2.81,1.76,47200
2009-02-11,1.73,1.90,2.42,1.71,50100
2009-02-12,1.68,1.78,2.02,1.60,27700
2009-02-13,1.49,1.70,1.87,1.41,63200
2009-02-17,1.13,1.50,1.52,1.11,46200
2009-02-18,1.06,1.15,1.25,0.97,54700
2009-02-19,1.16,1.12,1.22,1.07,34000
2009-02-20,1.12,1.13,1.24,1.06,46600
2009-02-23,1.09,1.21,1.26,1.09,18600
2009-02-24,1.47,1.19,1.80,1.10,86600
2009-02-25,1.22,1.49,1.49,1.10,69300
2009-02-26,1.21,1.59,1.65,1.15,126400
2009-02-27,0.90,1.10,1.15,0.85,81400
2009-03-02,0.97,0.87,1.13,0.61,53200
2009-03-03,0.92,1.00,1.12,0.90,19300
2009-03-04,0.91,0.95,1.07,0.89,17300
2009-03-05,0.70,0.95,0.97,0.70,20600
2009-03-06,0.84,0.76,1.08,0.74,18400
2009-03-09,0.89,0.92,1.01,0.83,10000
2009-03-10,1.12,0.95,1.15,0.94,32300
2009-03-11,1.16,2.19,2.19,1.06,151400
2009-03-12,1.55,1.12,1.57,1.10,66700
2009-03-13,1.22,1.07,1.62,1.00,61100
2009-03-16,1.42,1.38,1.74,1.26,77800
2009-03-17,1.56,1.47,1.62,1.35,21000
2009-03-18,1.64,1.69,1.69,1.42,26300
2009-03-19,1.49,1.70,1.70,1.45,20700
2009-03-20,1.30,1.50,1.55,1.30,26800
2009-03-23,1.60,1.36,1.65,1.36,28200
2009-03-24,1.65,1.59,1.65,1.43,17900
2009-03-25,1.95,1.66,1.95,1.66,33200
2009-03-26,2.08,2.00,2.10,1.87,27000
2009-03-27,1.80,2.08,2.10,1.80,21800
2009-03-30,1.50,1.65,1.68,1.39,36700
2009-03-31,1.63,1.50,1.72,1.49,19700
2009-04-01,1.72,1.62,1.76,1.60,15400
2009-04-02,1.83,1.78,1.90,1.75,22500
2009-04-03,2.08,1.93,2.10,1.70,28800
2009-04-06,2.00,2.24,2.25,1.36,48900
2009-04-07,1.85,1.97,2.12,1.80,26300
2009-04-08,1.80,1.82,1.95,1.72,8600
2009-04-09,2.16,1.95,2.16,1.85,20600
2009-04-13,2.15,2.20,2.30,1.85,24900
2009-04-14,2.18,2.14,2.24,2.05,11800
2009-04-15,2.02,2.20,2.20,2.00,11100
2009-04-16,2.00,2.02,2.21,1.90,13600
2009-04-17,1.97,2.02,2.12,1.85,20600
2009-04-20,1.68,1.85,1.95,1.64,16400
2009-04-21,1.91,1.67,1.94,1.60,14700
2009-04-22,1.80,1.93,1.97,1.75,11000
2009-04-23,1.65,1.88,1.88,1.65,10100
2009-04-24,1.89,1.81,1.89,1.61,14400
2009-04-27,1.67,1.88,1.88,1.67,6200
2009-04-28,1.63,1.66,1.72,1.60,6400
2009-04-29,1.78,1.65,1.84,1.64,8000
2009-04-30,1.66,1.80,1.85,1.64,15500
2009-05-01,1.71,1.66,1.79,1.60,8500
2009-05-04,1.79,1.71,1.81,1.65,9000
2009-05-05,1.73,1.79,1.79,1.65,9600
2009-05-06,1.73,1.75,1.84,1.71,14800
2009-05-07,1.84,1.87,1.95,1.77,15000
2009-05-08,2.14,1.99,2.18,1.87,37000
2009-05-11,2.56,2.15,2.70,2.14,52400
2009-05-12,2.19,2.75,2.84,2.01,40900
2009-05-13,1.95,2.19,2.19,1.95,27500
2009-05-14,2.03,1.96,2.13,1.90,12400
2009-05-15,2.09,2.09,2.18,2.06,9700
2009-05-18,2.50,2.09,2.55,2.06,15800
2009-05-19,2.45,2.50,2.60,2.31,14100
2009-05-20,2.44,2.48,2.50,2.36,11800
2009-05-21,2.21,2.41,2.42,2.11,10000
2009-05-22,2.10,2.24,2.28,2.10,7600
2009-05-26,2.33,2.08,2.34,2.08,8800
2009-05-27,2.40,2.39,2.49,2.31,8400
2009-05-28,2.27,2.32,2.45,2.21,10500
2009-05-29,1.93,2.29,2.29,1.93,54600
2009-06-01,1.99,2.00,2.06,1.80,18800
2009-06-02,2.03,1.98,2.06,1.95,11200
2009-06-03,2.02,2.26,2.26,2.00,8500
2009-06-04,2.08,2.05,2.11,2.01,8700
2009-06-05,2.03,2.12,2.15,2.00,9100
2009-06-08,2.00,2.10,2.10,1.99,9000
2009-06-09,1.98,2.04,2.08,1.96,8500
2009-06-10,2.02,2.00,2.04,1.96,9100
2009-06-11,2.01,2.02,2.10,1.99,9000
2009-06-12,2.04,2.02,2.08,2.02,10600
2009-06-15,1.91,2.00,2.01,1.90,9500
2009-06-16,1.77,1.94,1.94,1.77,7800
2009-06-17,1.58,1.84,1.85,1.58,14300
2009-06-18,1.50,1.60,1.67,1.48,14800
2009-06-19,1.47,1.57,1.64,1.46,22500
2009-06-22,1.51,1.45,1.62,1.45,8800
2009-06-23,1.45,1.56,1.56,1.41,10700
2009-06-24,1.50,1.47,1.56,1.47,13000
2009-06-25,1.51,1.48,1.53,1.42,10200
2009-06-26,1.28,1.50,1.56,1.26,342200
2009-06-29,1.35,1.35,1.37,1.30,21300
2009-06-30,1.41,1.38,1.57,1.32,15000
2009-07-01,1.37,1.41,1.49,1.35,9900
2009-07-02,1.31,1.38,1.45,1.31,5800
2009-07-06,1.28,1.39,1.39,1.26,15100
2009-07-07,1.23,1.37,1.37,1.20,7000
2009-07-08,1.22,1.27,1.28,1.17,13600
2009-07-09,1.25,1.20,1.35,1.20,9000
2009-07-10,1.30,1.25,1.31,1.25,2700
2009-07-13,1.35,1.32,1.37,1.30,3200
2009-07-14,1.29,1.35,1.35,1.25,2800
2009-07-15,1.30,1.32,1.32,1.24,4900
2009-07-16,1.25,1.30,1.32,1.25,6400
2009-07-17,1.25,1.28,1.35,1.22,7500
2009-07-20,1.26,1.26,1.26,1.21,4400
2009-07-21,1.19,1.24,1.28,1.19,9000
2009-07-22,1.18,1.22,1.28,1.15,3300
2009-07-23,1.18,1.16,1.20,1.15,5900
2009-07-24,1.21,1.17,1.21,1.15,4200
2009-07-27,1.23,1.23,1.29,1.19,7500
2009-07-28,1.36,1.22,1.36,1.22,6500
2009-07-29,1.25,1.39,1.39,1.25,5800
2009-07-30,1.39,1.26,1.65,1.26,19600
2009-07-31,1.44,1.45,1.59,1.29,18200
2009-08-03,1.37,1.50,1.50,1.31,19100
2009-08-04,1.34,1.39,1.39,1.31,6600
2009-08-05,1.43,1.46,1.46,1.35,20300
2009-08-06,1.45,1.47,1.53,1.37,22500
2009-08-07,1.51,1.45,1.61,1.45,25500
2009-08-10,1.91,1.86,2.39,1.71,115200
2009-08-11,1.81,1.98,2.03,1.68,41600
2009-08-12,1.55,1.67,1.83,1.37,53200
2009-08-13,1.59,1.55,1.60,1.47,21700
2009-08-14,1.61,1.55,1.61,1.48,16900
2009-08-17,1.43,1.43,1.50,1.31,25800
2009-08-18,1.47,1.40,1.47,1.35,14300
2009-08-19,1.50,1.47,1.50,1.40,10700
2009-08-20,1.47,1.52,1.52,1.40,6800
2009-08-21,1.48,1.47,1.49,1.42,10300
2009-08-24,1.35,1.46,1.46,1.35,21700
2009-08-25,1.36,1.35,1.40,1.24,26400
2009-08-26,1.28,1.36,1.38,1.28,15200
2009-08-27,1.30,1.25,1.37,1.25,19000
2009-08-28,1.29,1.30,1.36,1.28,12800
2009-08-31,1.34,1.29,1.35,1.25,12700
2009-09-01,1.21,1.26,1.30,1.20,11100
2009-09-02,1.11,1.15,1.21,1.11,23400
2009-09-03,1.09,1.11,1.20,1.05,21700
2009-09-04,1.17,1.08,1.17,1.05,11800
2009-09-08,1.27,1.20,1.27,1.12,15300
2009-09-09,1.23,1.30,1.30,1.16,11600
2009-09-10,1.17,1.20,1.20,1.15,8900
2009-09-11,1.16,1.17,1.18,1.13,16000
2009-09-14,1.11,1.19,1.19,1.11,14900
2009-09-15,1.20,1.11,1.20,1.11,12900
2009-09-16,1.22,1.20,1.25,1.19,20300
2009-09-17,1.25,1.27,1.28,1.22,12200
2009-09-18,1.19,1.26,1.30,1.15,27800
2009-09-21,1.15,1.20,1.25,1.14,13400
2009-09-22,1.25,1.22,1.27,1.18,16000
2009-09-23,1.21,1.27,1.27,1.21,8000
2009-09-24,1.18,1.24,1.25,1.16,21100
2009-09-25,1.22,1.21,1.23,1.16,7100
2009-09-28,1.16,1.33,1.33,1.15,7900
2009-09-29,1.25,1.24,1.25,1.17,10200
2009-09-30,1.21,1.26,1.27,1.17,7900
2009-10-01,1.16,1.18,1.24,1.14,11900
2009-10-02,1.17,1.10,1.20,1.10,9900
2009-10-05,1.17,1.20,1.24,1.15,6600
2009-10-06,1.21,1.17,1.21,1.15,6600
2009-10-07,1.15,1.15,1.17,1.10,17000
2009-10-08,1.13,1.10,1.17,1.09,30400
2009-10-09,1.09,1.05,1.18,1.05,33300
2009-10-12,1.10,1.10,1.15,1.09,26900
2009-10-13,0.99,1.10,1.11,0.95,289500
2009-10-14,1.00,1.03,1.05,0.97,78300
2009-10-15,0.83,1.02,1.02,0.83,51800
2009-10-16,0.90,0.83,0.90,0.83,21400
2009-10-19,0.84,0.83,0.89,0.83,17900
2009-10-20,0.82,0.83,0.86,0.80,23300
2009-10-21,0.79,0.80,0.86,0.79,19800
2009-10-22,0.80,0.79,0.86,0.79,20300
2009-10-23,0.90,0.87,0.91,0.82,26000
2009-10-26,1.23,0.95,1.30,0.95,118800
2009-10-27,1.17,1.21,1.23,0.98,45200
2009-10-28,1.07,1.31,1.31,1.07,30900
2009-10-29,1.01,1.05,1.11,1.00,19500
2009-10-30,1.02,1.28,1.30,0.90,45600
2009-11-02,1.04,0.98,1.04,0.90,29100
2009-11-03,1.13,1.01,1.13,0.94,19300
2009-11-04,0.94,1.10,1.12,0.94,29700
2009-11-05,0.93,0.95,0.98,0.91,5100
2009-11-06,1.00,0.93,1.02,0.93,6400
2009-11-09,0.99,1.00,1.01,0.92,9600
2009-11-10,0.97,0.97,0.98,0.92,8600
2009-11-11,0.93,0.94,0.97,0.92,7600
2009-11-12,0.88,0.91,0.93,0.88,6300
2009-11-13,0.89,0.91,0.93,0.88,7700
2009-11-16,0.91,0.89,1.00,0.89,9100
2009-11-17,0.92,0.89,0.95,0.88,5000
2009-11-18,0.89,0.92,0.92,0.89,4700
2009-11-19,0.90,0.88,0.92,0.88,3200
2009-11-20,0.91,0.90,1.11,0.89,18500
2009-11-23,0.90,0.90,0.93,0.89,7800
2009-11-24,0.92,0.90,0.93,0.86,9600
2009-11-25,0.88,0.93,0.93,0.88,4300
2009-11-27,0.88,0.88,0.90,0.87,5300
2009-11-30,0.91,0.90,0.93,0.87,4000
2009-12-01,0.92,0.93,0.93,0.88,5400
2009-12-02,0.90,0.89,0.92,0.86,9900
2009-12-03,0.91,0.88,0.92,0.88,8900
2009-12-04,0.83,0.89,0.91,0.83,11000
2009-12-07,0.77,0.89,0.90,0.75,15400
2009-12-08,0.86,0.94,0.94,0.83,12600
2009-12-09,0.92,0.93,0.93,0.87,8800
2009-12-10,0.85,0.92,0.92,0.83,7800
2009-12-11,0.87,0.83,0.87,0.82,3300
2009-12-14,0.89,0.85,0.89,0.80,17100
2009-12-15,0.84,0.86,0.89,0.84,3500
2009-12-16,0.85,0.82,0.87,0.82,4700
2009-12-17,0.84,0.83,0.87,0.82,3900
2009-12-18,0.83,0.82,0.86,0.82,5000
2009-12-21,0.84,0.87,0.87,0.80,7900
2009-12-22,0.79,0.83,0.83,0.79,10800
2009-12-23,0.71,0.79,0.80,0.70,37600
2009-12-24,0.70,0.72,0.72,0.63,27000
2009-12-28,0.68,0.67,0.69,0.65,22600
2009-12-29,0.69,0.67,0.70,0.66,13100
2009-12-30,0.69,0.67,0.69,0.65,14300
2009-12-31,0.68,0.69,0.70,0.66,16700
2010-01-04,0.67,0.70,0.70,0.65,11200
2010-01-05,0.69,0.67,0.69,0.67,9600
2010-01-06,0.69,0.67,0.69,0.66,33600
2010-01-07,0.67,0.67,0.68,0.66,12900
2010-01-08,0.72,0.67,0.76,0.66,15200
2010-01-11,0.79,0.70,0.81,0.70,14900
2010-01-12,0.78,0.76,0.81,0.75,6700
2010-01-13,0.75,0.75,0.83,0.72,8900
2010-01-14,0.79,0.76,0.82,0.76,5300
2010-01-15,0.79,0.82,0.82,0.75,6700
2010-01-19,0.71,0.81,0.81,0.65,29200
2010-01-20,0.94,0.71,0.98,0.71,87200
2010-01-21,0.85,0.93,0.97,0.75,34500
2010-01-22,0.83,0.85,0.86,0.79,17900
2010-01-25,0.74,0.82,0.82,0.70,20200
2010-01-26,0.81,0.72,0.84,0.72,15200
2010-01-27,0.77,0.77,0.81,0.73,9300
2010-01-28,0.72,0.75,0.75,0.68,24000
2010-01-29,0.66,0.70,0.72,0.65,17100
2010-02-01,0.70,0.69,0.74,0.65,23200
2010-02-02,0.67,0.69,0.70,0.65,10400
2010-02-03,0.65,0.67,0.67,0.65,21600
2010-02-04,0.63,0.67,0.67,0.57,34800
2010-02-05,0.62,0.57,0.64,0.57,10400
2010-02-08,0.56,0.60,0.60,0.52,13300
2010-02-09,0.59,0.56,0.60,0.53,14400
2010-02-10,0.54,0.57,0.58,0.50,18000
2010-02-11,0.49,0.52,0.55,0.49,18700
2010-02-12,0.52,0.49,0.57,0.49,16500
2010-02-16,0.55,0.52,0.58,0.52,7100
2010-02-17,0.58,0.54,0.60,0.54,15900
2010-02-18,0.57,0.59,0.59,0.56,2600
2010-02-19,0.55,0.56,0.58,0.53,9800
2010-02-22,0.59,0.56,0.59,0.55,5000
2010-02-23,0.57,0.56,0.59,0.52,8200
2010-02-24,0.55,0.58,0.58,0.55,4300
2010-02-25,0.53,0.54,0.55,0.51,2800
2010-02-26,0.51,0.54,0.56,0.50,3300
2010-03-01,0.52,0.53,0.56,0.51,5700
2010-03-02,0.55,0.53,0.57,0.53,3300
2010-03-03,0.59,0.58,0.59,0.53,8000
2010-03-04,0.55,0.58,0.58,0.54,5600
2010-03-05,0.57,0.52,0.59,0.52,9600
2010-03-08,0.61,0.54,0.65,0.54,13900
2010-03-09,0.60,0.61,0.64,0.59,15400
2010-03-10,0.60,0.59,0.63,0.56,4500
2010-03-11,0.59,0.59,0.64,0.58,4200
2010-03-12,0.54,0.60,0.60,0.54,15000
2010-03-15,0.57,0.56,0.60,0.55,14900
2010-03-16,0.57,0.58,0.59,0.56,5600
2010-03-17,0.60,0.60,0.60,0.58,5000
2010-03-18,0.59,0.60,0.71,0.55,22600
2010-03-19,0.55,0.63,0.63,0.54,14700
2010-03-22,0.58,0.55,0.59,0.53,31800
2010-03-23,0.61,0.55,0.63,0.55,14100
2010-03-24,0.60,0.60,0.62,0.56,9100
2010-03-25,0.56,0.58,0.61,0.55,8700
2010-03-26,0.55,0.55,0.58,0.55,13500
2010-03-29,0.56,0.56,0.60,0.55,7500
2010-03-30,0.54,0.55,0.57,0.54,7900
2010-03-31,0.55,0.54,0.58,0.54,3300
2010-04-01,0.56,0.54,0.57,0.52,10900
2010-04-05,0.55,0.58,0.59,0.55,12700
2010-04-06,0.57,0.55,0.57,0.55,5500
2010-04-07,0.55,0.57,0.59,0.55,11300
2010-04-08,0.57,0.58,0.58,0.56,6100
2010-04-09,0.57,0.58,0.59,0.55,17700
2010-04-12,0.56,0.57,0.58,0.55,7700
2010-04-13,0.57,0.58,0.59,0.57,20200
2010-04-14,0.66,0.59,0.68,0.58,65200
2010-04-15,0.68,0.67,0.74,0.63,55900
2010-04-16,0.65,0.70,0.70,0.63,11100
2010-04-19,0.67,0.68,0.71,0.66,14900
2010-04-20,0.65,0.70,0.70,0.64,12100
2010-04-21,0.73,0.65,0.75,0.65,26100
2010-04-22,0.97,0.74,0.97,0.73,89200
2010-04-23,1.39,1.03,1.43,1.00,273200
2010-04-26,1.27,1.66,1.70,1.25,219800
2010-04-27,1.04,1.20,1.21,0.90,122800
2010-04-28,0.99,1.00,1.05,0.99,36400
2010-04-29,0.85,1.02,1.03,0.79,95000
2010-04-30,0.77,0.82,0.86,0.72,53600
2010-05-03,0.87,0.80,0.93,0.77,46100
2010-05-04,0.80,0.83,0.87,0.80,22600
2010-05-05,0.78,0.78,0.78,0.72,29500
2010-05-06,0.70,0.72,0.77,0.70,28300
2010-05-07,0.75,0.77,0.77,0.71,18300
2010-05-10,0.81,0.78,0.87,0.77,39300
2010-05-11,0.75,0.81,0.81,0.75,9800
2010-05-12,0.76,0.75,0.80,0.73,11300
2010-05-13,0.77,0.75,0.77,0.75,4100
2010-05-14,0.71,0.77,0.77,0.70,19900
2010-05-17,0.69,0.71,0.71,0.65,8300
2010-05-18,0.61,0.80,0.80,0.61,21800
2010-05-19,0.62,0.60,0.62,0.58,10700
2010-05-20,0.58,0.61,0.61,0.58,21700
2010-05-21,0.60,0.57,0.60,0.55,11900
2010-05-24,0.63,0.61,0.65,0.61,8400
2010-05-25,0.67,0.66,0.69,0.64,11100
2010-05-26,0.62,0.67,0.67,0.61,5400
2010-05-27,0.57,0.61,0.61,0.56,12800
2010-05-28,0.60,0.58,0.61,0.56,15400
2010-06-01,0.59,0.58,0.63,0.55,11900
2010-06-02,0.58,0.58,0.61,0.55,17200
2010-06-03,0.57,0.58,0.58,0.56,3900
2010-06-04,0.56,0.55,0.60,0.55,7000
2010-06-07,0.55,0.59,0.59,0.55,2800
2010-06-08,0.56,0.59,0.59,0.55,8900
2010-06-09,0.56,0.59,0.60,0.55,6600
2010-06-10,0.60,0.59,0.60,0.57,4700
2010-06-11,0.60,0.58,0.60,0.56,3100
2010-06-14,0.59,0.60,0.60,0.56,5700
2010-06-15,0.58,0.58,0.60,0.56,6200
2010-06-16,0.58,0.56,0.59,0.55,4700
2010-06-17,0.56,0.56,0.58,0.55,1300
2010-06-18,0.55,0.56,0.59,0.55,6400
2010-06-21,0.59,0.57,0.60,0.55,7000
2010-06-22,0.52,0.58,0.60,0.46,21800
2010-06-23,0.54,0.55,0.57,0.47,11000
2010-06-24,0.51,0.50,0.54,0.46,5600
2010-06-25,0.53,0.50,0.53,0.45,22600
2010-06-28,0.52,0.52,0.52,0.50,2600
2010-06-29,0.48,0.51,0.51,0.48,4700
2010-06-30,0.48,0.48,0.50,0.48,1500
2010-07-01,0.46,0.52,0.52,0.46,11300
2010-07-02,0.48,0.48,0.50,0.48,2600
2010-07-06,0.46,0.50,0.50,0.45,4800
2010-07-07,0.38,0.43,0.46,0.35,19900
2010-07-08,0.43,0.50,0.50,0.35,23500
2010-07-09,0.49,0.47,0.49,0.44,7200
2010-07-12,0.50,0.48,0.50,0.46,3600
2010-07-13,0.50,0.50,0.50,0.36,13100
2010-07-14,0.49,0.49,0.49,0.45,3400
2010-07-15,0.42,0.40,0.44,0.40,10000
2010-07-16,0.42,0.42,0.43,0.40,5500
2010-07-19,0.48,0.49,0.49,0.40,7700
2010-07-20,0.48,0.48,0.48,0.47,3700
2010-07-21,0.47,0.47,0.50,0.47,10400
2010-07-22,0.47,0.48,0.50,0.47,1600
2010-07-23,0.47,0.49,0.49,0.47,4900
2010-07-26,0.47,0.48,0.50,0.47,7000
2010-07-27,0.45,0.47,0.47,0.44,7000
2010-07-28,0.42,0.44,0.45,0.41,5400
2010-07-29,0.43,0.42,0.49,0.40,19800
2010-07-30,0.50,0.42,0.50,0.42,7800
2010-08-02,0.50,0.50,0.51,0.49,13900
2010-08-03,0.51,0.50,0.51,0.49,9300
2010-08-04,0.50,0.49,0.51,0.49,4900
2010-08-05,0.54,0.51,0.55,0.51,5200
2010-08-06,0.53,0.55,0.59,0.50,7000
2010-08-09,0.54,0.63,0.63,0.53,3600
2010-08-10,0.58,0.51,0.62,0.51,6600
2010-08-11,0.53,0.54,0.60,0.53,2900
2010-08-12,0.52,0.51,0.53,0.51,4200
2010-08-13,0.53,0.52,0.59,0.52,1400
2010-08-16,0.53,0.53,0.54,0.52,1600
2010-08-17,0.52,0.51,0.54,0.51,10300
2010-08-18,0.53,0.54,0.54,0.52,5100
2010-08-19,0.53,0.53,0.54,0.52,1100
2010-08-20,0.55,0.53,0.56,0.53,4200
2010-08-23,0.53,0.55,0.57,0.53,6400
2010-08-24,0.53,0.53,0.54,0.53,3200
2010-08-25,0.62,0.55,0.64,0.53,22900
2010-08-26,0.57,0.59,0.60,0.56,3300
2010-08-27,0.57,0.54,0.57,0.53,1600
2010-08-30,0.55,0.58,0.58,0.54,11300
2010-08-31,0.54,0.55,0.56,0.54,6400
2010-09-01,0.55,0.54,0.56,0.54,1700
2010-09-02,0.56,0.54,0.57,0.54,6500
2010-09-03,0.55,0.56,0.57,0.55,3200
2010-09-07,0.56,0.56,0.57,0.56,1700
2010-09-08,0.56,0.55,0.57,0.55,1500
2010-09-09,0.60,0.56,0.60,0.55,4500
2010-09-10,0.56,0.60,0.60,0.56,3700
2010-09-13,0.56,0.62,0.62,0.56,1800
2010-09-14,0.57,0.59,0.65,0.56,3300
2010-09-15,0.57,0.58,0.60,0.56,2900
2010-09-16,0.56,0.57,0.58,0.56,1300
2010-09-17,0.54,0.60,0.60,0.54,4300
2010-09-20,0.60,0.54,0.60,0.54,3200
2010-09-21,0.55,0.60,0.60,0.54,2300
2010-09-22,0.53,0.56,0.56,0.53,900
2010-09-23,0.52,0.53,0.53,0.52,900
2010-09-24,0.56,0.56,0.60,0.52,7700
2010-09-27,0.56,0.55,0.63,0.54,6900
2010-09-28,0.56,0.56,0.56,0.56,3800
2010-09-29,0.56,0.56,0.58,0.55,6000
2010-09-30,0.54,0.55,0.56,0.54,2800
2010-10-01,0.51,0.54,0.54,0.51,4600
2010-10-04,0.52,0.52,0.55,0.52,1700
2010-10-05,0.55,0.52,0.55,0.52,1100
2010-10-06,0.58,0.55,0.58,0.55,2400
2010-10-07,0.55,0.55,0.55,0.53,5800
2010-10-08,0.55,0.54,0.65,0.54,23300
2010-10-11,0.57,0.59,0.59,0.56,1100
2010-10-12,0.54,0.54,0.56,0.54,6300
2010-10-13,0.53,0.57,0.57,0.53,3200
2010-10-14,0.54,0.53,0.55,0.53,2100
2010-10-15,0.54,0.54,0.55,0.52,2500
2010-10-18,0.54,0.55,0.55,0.52,4900
2010-10-19,0.52,0.55,0.55,0.52,3100
2010-10-20,0.54,0.55,0.55,0.53,1800
2010-10-21,0.53,0.54,0.54,0.53,2600
2010-10-22,0.53,0.52,0.54,0.52,2200
2010-10-25,0.52,0.52,0.54,0.52,2500
2010-10-26,0.53,0.53,0.53,0.52,1400
2010-10-27,0.54,0.52,0.54,0.52,700
2010-10-28,0.51,0.54,0.54,0.51,3500
2010-10-29,0.53,0.51,0.54,0.51,1800
2010-11-01,0.51,0.51,0.51,0.43,9200
2010-11-02,0.50,0.53,0.53,0.49,4400
2010-11-03,0.53,0.50,0.53,0.50,1800
2010-11-04,0.50,0.53,0.53,0.44,12400
2010-11-05,0.49,0.50,0.50,0.45,7900
2010-11-08,0.47,0.47,0.48,0.47,3900
2010-11-09,0.46,0.50,0.50,0.45,6900
2010-11-10,0.44,0.45,0.46,0.41,7700
2010-11-11,0.44,0.46,0.48,0.44,4100
2010-11-12,0.44,0.48,0.48,0.44,8600
2010-11-15,0.44,0.48,0.48,0.44,4400
2010-11-16,0.45,0.48,0.48,0.44,800
2010-11-17,0.71,0.50,0.83,0.50,187600
2010-11-18,0.83,0.75,0.87,0.71,84000
2010-11-19,0.75,0.87,0.90,0.70,74000
2010-11-22,6.44,5.25,6.50,5.25,29000
2010-11-23,7.00,7.65,7.65,6.30,10100
2010-11-24,7.22,7.30,7.45,6.75,7200
2010-11-26,7.75,7.20,8.14,7.00,22500
2010-11-29,8.00,7.73,8.20,7.73,17200
2010-11-30,7.70,7.80,8.10,7.10,15000
2010-12-01,7.25,7.59,7.99,7.25,8500
2010-12-02,6.59,7.00,7.00,6.40,23600
2010-12-03,6.50,6.58,6.74,6.49,12600
2010-12-06,6.60,6.49,6.74,6.49,5000
2010-12-07,6.56,6.50,6.58,6.50,9400
2010-12-08,6.84,6.56,6.97,6.56,20200
2010-12-09,6.55,6.63,6.65,6.50,16600
2010-12-10,6.60,6.50,6.61,6.49,11300
2010-12-13,6.49,6.50,6.53,6.25,2500
2010-12-14,6.35,6.41,6.42,6.30,3400
2010-12-15,6.21,6.29,6.30,6.02,9600
2010-12-16,6.16,6.50,6.50,6.11,6700
2010-12-17,6.64,6.06,6.68,6.06,15200
2010-12-20,6.67,6.42,6.79,6.42,9800
2010-12-21,6.64,6.51,6.84,6.51,6800
2010-12-22,6.90,6.64,6.90,6.62,11500
2010-12-23,7.37,7.00,7.60,6.99,12200
2010-12-27,8.19,7.36,8.20,7.36,12200
2010-12-28,8.40,8.18,8.45,8.01,14300
2010-12-29,9.50,8.65,11.00,8.64,33200
2010-12-30,8.79,9.78,9.92,8.75,25300
2010-12-31,8.45,9.00,9.00,8.26,15400
2011-01-03,8.74,8.60,8.88,8.26,23400
2011-01-04,9.30,9.20,10.66,8.95,18700
2011-01-05,9.75,9.71,10.22,9.64,11200
2011-01-06,9.30,9.75,9.86,9.25,9700
2011-01-07,9.70,9.23,9.90,9.23,10900
2011-01-10,9.71,10.25,10.25,9.05,16700
2011-01-11,9.33,10.00,10.00,9.26,5200
2011-01-12,9.71,9.66,9.91,9.51,6300
2011-01-13,9.60,9.56,9.78,9.27,5000
2011-01-14,9.99,9.70,9.99,9.69,3700
2011-01-18,9.84,10.00,10.00,9.67,3800
2011-01-19,9.85,9.85,9.85,9.45,2100
2011-01-20,9.50,9.56,9.56,9.48,5400
2011-01-21,8.30,9.46,9.46,7.51,28500
2011-01-24,8.40,8.25,8.97,8.25,5800
2011-01-25,8.91,8.69,8.91,8.56,2600
2011-01-26,9.76,9.00,10.00,9.00,20800
2011-01-27,9.57,9.85,9.85,9.05,3000
2011-01-28,9.61,9.85,9.85,9.21,4000
2011-01-31,9.57,9.57,9.59,9.12,3100
2011-02-01,9.31,9.12,9.50,9.11,4000
2011-02-02,9.13,9.37,9.37,9.00,2400
2011-02-03,9.00,9.20,9.20,9.00,1500
2011-02-04,9.17,8.91,9.25,8.90,3000
2011-02-07,9.48,9.40,9.88,9.25,16500
2011-02-08,9.79,9.38,9.90,9.21,4700
2011-02-09,9.90,9.95,9.95,9.23,3900
2011-02-10,9.73,9.28,9.75,9.28,4400
2011-02-11,9.42,9.76,9.90,9.31,4500
2011-02-14,9.43,9.50,9.74,9.42,7900
2011-02-15,9.30,9.45,9.50,9.30,1600
2011-02-16,9.24,9.48,9.48,9.18,1500
2011-02-17,9.30,9.48,9.49,9.25,2400
2011-02-18,9.50,9.30,9.50,9.30,2600
2011-02-22,9.44,9.49,9.49,9.16,3700
2011-02-23,9.14,9.28,9.49,9.12,9500
2011-02-24,9.25,9.21,9.29,9.20,2100
2011-02-25,9.05,9.25,9.30,9.05,2000
2011-02-28,9.29,9.30,9.30,9.05,10600
2011-03-01,9.09,9.08,9.09,9.00,6400
2011-03-02,9.09,8.91,9.38,8.88,2100
2011-03-03,9.35,9.37,9.37,8.88,6500
2011-03-04,8.77,8.89,9.36,8.77,1200
2011-03-07,8.88,9.36,9.36,8.81,6800
2011-03-08,9.37,8.75,9.37,8.60,10700
2011-03-09,8.85,9.07,9.37,8.69,7700
2011-03-10,8.57,8.77,9.19,8.50,7200
2011-03-11,8.45,8.58,8.71,8.45,3800
2011-03-14,8.10,8.44,8.44,8.01,11100
2011-03-15,8.10,8.02,8.21,7.84,3500
2011-03-16,7.77,7.75,8.24,7.75,3000
2011-03-17,7.56,7.74,7.83,7.49,9000
2011-03-18,8.17,7.51,8.17,7.36,3700
2011-03-21,7.65,8.03,8.24,7.55,9800
2011-03-22,7.56,7.68,7.80,7.56,6300
2011-03-23,7.39,7.56,7.79,7.36,8900
2011-03-24,6.53,7.31,7.65,6.25,47700
2011-03-25,6.25,6.42,6.44,6.24,21200
2011-03-28,6.24,6.21,6.30,6.21,7900
2011-03-29,6.54,6.06,6.71,6.06,3800
2011-03-30,6.70,6.51,6.74,6.51,11300
2011-03-31,6.60,6.65,6.71,6.31,11500
2011-04-01,6.75,6.69,7.05,6.69,9700
2011-04-04,6.91,6.73,6.91,6.62,2600
2011-04-05,7.59,7.05,7.62,7.05,8600
2011-04-06,7.60,7.54,7.60,7.31,22900
2011-04-07,7.75,7.69,7.75,7.69,11100
2011-04-08,7.75,7.73,7.75,7.60,10700
2011-04-11,7.69,7.69,7.79,7.68,5900
2011-04-12,7.69,7.65,7.69,7.37,7400
2011-04-13,7.59,7.74,7.74,7.26,2200
2011-04-14,7.70,7.48,7.70,7.48,2400
2011-04-15,7.50,7.71,7.72,7.26,7700
2011-04-18,7.50,7.49,7.72,7.38,2100
2011-04-19,7.41,7.30,7.54,6.51,18500
2011-04-20,7.69,7.48,7.70,7.46,6400
2011-04-21,7.70,7.66,7.76,7.25,11800
2011-04-25,7.98,7.48,8.63,7.48,27200
2011-04-26,8.56,8.24,8.74,8.24,13200
2011-04-27,8.80,8.57,8.80,8.36,38000
2011-04-28,9.23,9.00,9.23,8.50,11000
2011-04-29,9.33,9.20,9.39,9.00,10000
2011-05-02,9.25,9.25,9.30,9.03,5400
2011-05-03,9.15,9.14,9.35,9.14,3000
2011-05-04,9.28,9.35,9.35,9.18,7000
2011-05-05,8.65,9.15,9.15,8.36,44400
2011-05-06,8.71,8.71,8.80,8.36,11000
2011-05-09,7.94,8.60,8.74,7.87,13000
2011-05-10,8.20,8.00,8.68,8.00,15700
2011-05-11,8.16,8.03,8.22,7.94,8000
2011-05-12,8.03,8.16,8.20,7.89,4500
2011-05-13,8.29,7.97,8.41,7.61,10000
2011-05-16,7.94,8.19,8.29,7.94,3000
2011-05-17,7.97,8.00,8.06,7.86,11700
2011-05-18,8.08,7.90,8.09,7.85,4400
2011-05-19,7.49,8.06,8.06,7.46,16600
2011-05-20,7.53,7.50,7.99,7.36,60700
2011-05-23,7.86,7.60,7.92,7.55,18000
2011-05-24,7.90,7.74,8.24,7.74,12700
2011-05-25,8.26,7.73,8.55,7.73,9900
2011-05-26,8.28,8.16,8.49,7.94,13200
2011-05-27,8.33,8.46,8.46,7.94,12000
2011-05-31,8.11,8.37,8.50,8.11,68200
2011-06-01,8.07,8.01,8.36,7.35,19000
2011-06-02,8.55,8.15,8.55,7.85,16900
2011-06-03,8.05,8.45,8.51,7.98,8500
2011-06-06,8.30,8.21,8.50,8.07,27500
2011-06-07,8.99,8.39,9.00,8.09,26700
2011-06-08,9.01,9.00,9.30,8.66,38700
2011-06-09,9.19,9.18,9.34,9.06,19100
2011-06-10,10.54,9.34,11.98,8.73,84000
2011-06-13,12.36,9.82,12.58,8.93,129000
2011-06-14,11.55,12.00,12.00,11.15,49800
2011-06-15,10.58,11.41,11.41,9.98,41500
2011-06-16,9.84,10.45,10.63,9.59,52700
2011-06-17,8.80,9.86,10.00,8.43,113600
2011-06-20,9.05,8.71,9.10,8.25,39200
2011-06-21,8.82,8.97,9.29,8.42,31500
2011-06-22,8.79,8.74,9.00,8.50,29700
2011-06-23,8.58,8.27,8.96,8.27,24900
2011-06-24,7.57,8.57,8.58,7.25,748000
2011-06-27,7.99,7.50,8.04,7.50,77400
2011-06-28,8.85,8.04,9.25,8.00,41900
2011-06-29,9.60,8.78,10.00,8.77,32000
2011-06-30,10.10,9.70,10.50,9.70,90000
2011-07-01,10.26,10.14,10.45,8.78,32900
2011-07-05,10.27,10.16,10.50,9.46,9100
2011-07-06,9.18,10.17,10.17,8.88,27200
2011-07-07,8.93,9.21,9.69,8.77,45400
2011-07-08,9.03,8.94,9.49,8.62,34500
2011-07-11,9.28,9.80,9.80,8.99,15500
2011-07-12,9.31,9.25,9.43,9.00,7400
2011-07-13,9.53,9.26,9.93,9.23,11700
2011-07-14,9.47,9.48,10.00,9.01,9700
2011-07-15,10.28,9.48,10.29,9.16,25500
2011-07-18,10.50,10.02,10.50,9.65,15600
2011-07-19,10.59,10.28,10.59,9.97,21700
2011-07-20,10.46,10.51,10.55,10.27,3600
2011-07-21,10.80,10.58,10.80,10.35,19400
2011-07-22,10.74,10.78,10.78,10.45,29200
2011-07-25,10.54,10.61,10.70,10.30,11100
2011-07-26,10.31,10.50,10.52,10.01,13100
2011-07-27,9.68,10.31,10.44,9.62,18700
2011-07-28,10.05,9.68,10.48,9.60,25900
2011-07-29,10.20,9.07,10.50,9.07,12200
2011-08-01,10.28,10.18,10.48,10.04,13100
2011-08-02,9.82,10.22,10.45,9.27,6300
2011-08-03,10.43,9.94,10.50,9.67,15400
2011-08-04,9.51,10.36,10.36,9.50,29500
2011-08-05,9.60,9.55,9.60,8.64,24200
2011-08-08,8.28,9.19,9.19,8.27,39400
2011-08-09,9.22,8.44,9.51,8.32,21400
2011-08-10,7.86,9.10,9.55,7.85,22000
2011-08-11,7.84,7.85,8.46,7.50,24600
2011-08-12,7.79,7.91,8.17,7.50,40600
2011-08-15,7.96,7.61,8.26,7.61,7600
2011-08-16,8.09,8.47,8.48,8.04,30800
2011-08-17,8.07,8.03,8.22,8.00,4300
2011-08-18,7.57,7.99,8.14,7.57,17100
2011-08-19,7.56,7.65,8.32,7.51,16900
2011-08-22,7.57,7.64,7.64,7.50,15700
2011-08-23,7.92,7.50,7.98,7.50,10300
2011-08-24,8.36,7.85,8.50,7.57,20400
2011-08-25,8.09,8.50,8.74,7.75,23300
2011-08-26,8.18,7.77,8.51,7.57,12100
2011-08-29,8.94,8.35,9.00,7.92,13000
2011-08-30,9.57,8.76,9.70,8.65,16400
2011-08-31,10.00,9.73,10.00,9.11,18000
2011-09-01,9.37,10.00,10.00,9.11,10600
2011-09-02,8.55,9.24,9.25,8.55,13000
2011-09-06,8.76,8.04,8.98,8.04,16400
2011-09-07,8.83,8.90,9.22,8.12,19600
2011-09-08,8.31,8.69,8.77,8.06,13300
2011-09-09,8.10,8.31,9.00,7.51,42600
2011-09-12,7.91,7.94,8.99,7.79,8500
2011-09-13,8.71,8.03,8.77,8.03,14300
2011-09-14,8.67,8.76,8.78,8.16,14300
2011-09-15,8.46,8.68,8.77,8.09,13500
2011-09-16,8.30,8.50,8.50,8.16,42000
2011-09-19,7.50,8.23,8.56,7.50,20300
2011-09-20,7.12,7.67,8.05,7.12,37900
2011-09-21,6.76,7.19,7.44,6.58,8200
2011-09-22,6.34,6.63,6.63,6.21,27600
2011-09-23,6.15,6.39,7.01,6.15,13200
2011-09-26,6.34,6.27,6.50,5.79,12500
2011-09-27,6.26,7.02,7.17,6.00,16800
2011-09-28,6.03,6.70,6.70,6.00,29300
2011-09-29,6.15,6.14,6.47,6.03,12600
2011-09-30,5.83,6.07,6.14,5.82,14600
2011-10-03,4.95,5.85,6.07,4.95,26500
2011-10-04,5.71,4.95,6.38,4.93,33300
2011-10-05,5.33,5.81,5.83,5.16,15000
2011-10-06,5.58,5.33,5.59,5.33,16200
2011-10-07,5.07,5.88,7.75,5.01,44400
2011-10-10,5.66,5.14,5.66,5.14,14100
2011-10-11,5.84,5.79,5.94,5.56,10800
2011-10-12,5.65,6.00,6.00,5.38,14400
2011-10-13,5.74,5.59,5.74,5.56,5600
2011-10-14,6.01,5.78,6.05,5.52,7500
2011-10-17,5.35,5.64,5.79,5.34,27000
2011-10-18,5.35,5.29,5.52,5.01,28900
2011-10-19,5.22,5.15,5.35,5.15,14400
2011-10-20,5.32,5.28,5.50,5.14,14500
2011-10-21,5.33,5.28,5.49,5.17,11300
2011-10-24,5.94,5.21,5.95,5.21,9600
2011-10-25,5.40,6.11,6.11,5.33,19600
2011-10-26,5.69,5.50,6.00,5.37,12800
2011-10-27,5.89,5.93,5.98,5.30,55500
2011-10-28,5.85,5.86,5.94,5.57,12200
2011-10-31,5.29,5.72,5.95,5.28,16700
2011-11-01,5.17,5.10,5.51,5.01,13000
2011-11-02,5.51,5.24,5.55,5.24,6800
2011-11-03,5.75,5.31,5.75,5.21,9600
2011-11-04,5.50,5.31,5.80,5.25,2500
2011-11-07,5.00,5.49,5.49,4.95,13900
2011-11-08,5.38,4.78,6.50,4.78,43600
2011-11-09,4.97,5.19,5.94,4.91,35800
2011-11-10,5.07,5.07,5.46,5.01,7400
2011-11-11,5.30,5.12,5.50,5.01,16400
2011-11-14,4.94,5.27,5.27,4.47,34600
2011-11-15,4.99,4.89,5.08,4.89,5000
2011-11-16,4.96,4.95,5.29,4.95,9600
2011-11-17,4.64,4.95,5.15,4.60,16700
2011-11-18,4.70,4.64,4.87,4.64,4400
2011-11-21,4.51,4.60,4.69,4.50,10800
2011-11-22,4.20,4.51,4.67,4.20,18800
2011-11-23,4.04,4.18,4.46,4.04,15200
2011-11-25,3.80,4.00,4.02,3.50,35300
2011-11-28,4.08,3.97,4.20,3.88,19900
2011-11-29,4.01,4.16,4.40,3.65,17400
2011-11-30,4.11,4.26,4.50,3.96,20300
2011-12-01,4.03,4.01,4.20,3.90,10800
2011-12-02,4.65,4.10,4.65,4.01,6400
2011-12-05,4.47,4.69,4.69,4.26,11200
2011-12-06,4.47,4.44,4.57,4.27,14400
2011-12-07,4.56,4.41,5.00,4.41,14900
2011-12-08,4.07,4.53,4.59,4.06,9600
2011-12-09,4.32,4.27,4.51,4.11,13800
2011-12-12,4.42,4.33,4.50,4.29,16500
2011-12-13,4.19,4.46,4.49,4.11,8900
2011-12-14,4.27,4.15,4.42,4.15,8200
2011-12-15,4.18,4.46,4.50,4.12,15100
2011-12-16,4.12,4.25,4.35,3.68,31900
2011-12-19,3.91,4.14,4.14,3.81,6900
2011-12-20,4.19,4.07,4.27,3.71,11300
2011-12-21,4.16,4.19,4.20,4.12,3300
2011-12-22,4.34,4.10,4.37,4.10,11100
2011-12-23,4.64,4.39,4.79,4.17,11900
2011-12-27,4.47,4.59,4.64,4.39,4900
2011-12-28,4.24,4.35,4.35,4.17,13800
2011-12-29,4.54,4.28,4.58,4.17,9300
2011-12-30,4.38,4.48,4.70,4.33,7700
2012-01-03,4.43,4.54,4.54,4.38,8200
2012-01-04,4.34,4.48,4.60,4.31,9200
2012-01-05,4.37,4.30,4.40,4.12,14100
2012-01-06,4.32,4.37,4.57,4.25,9700
2012-01-09,4.55,4.36,4.59,4.23,9900
2012-01-10,4.65,4.64,4.81,4.36,10600
2012-01-11,4.69,4.55,4.69,4.51,3200
2012-01-12,4.84,4.74,4.84,4.65,5800
2012-01-13,4.68,4.70,4.75,4.65,8000
2012-01-17,4.81,4.78,4.99,4.49,13400
2012-01-18,4.95,4.76,4.98,4.72,6400
2012-01-19,4.87,4.76,4.88,4.75,1100
2012-01-20,4.84,4.88,4.99,4.70,2700
2012-01-23,4.81,4.83,5.00,4.70,5000
2012-01-24,4.66,4.74,4.98,4.66,3800
2012-01-25,4.37,4.78,4.91,4.37,9100
2012-01-26,4.86,4.66,4.90,4.58,6400
2012-01-27,4.96,4.73,5.00,4.46,9300
2012-01-30,5.27,5.00,5.39,5.00,16400
2012-01-31,5.31,5.19,5.35,5.17,27000
2012-02-01,5.37,5.35,5.39,5.11,9500
2012-02-02,5.62,5.42,5.71,5.42,10000
2012-02-03,5.80,5.72,5.87,5.14,11800
2012-02-06,6.16,5.80,6.30,5.68,17800
2012-02-07,5.93,6.25,6.25,5.85,9200
2012-02-08,5.84,5.93,5.93,5.80,4900
2012-02-09,5.47,5.85,5.85,5.47,1300
2012-02-10,5.86,5.44,6.00,5.44,4900
2012-02-13,5.95,6.01,6.22,5.48,7400
2012-02-14,5.67,5.67,5.67,5.67,600
2012-02-15,5.59,5.80,5.82,5.50,2900
2012-02-16,5.78,5.68,5.97,5.50,5900
2012-02-17,5.95,5.78,6.00,5.51,5900
2012-02-21,5.64,5.95,5.99,5.50,7200
2012-02-22,5.58,5.80,5.93,5.52,3600
2012-02-23,5.92,5.58,5.97,5.55,4700
2012-02-24,5.66,5.89,5.89,5.66,4800
2012-02-27,5.96,5.64,5.96,5.64,2100
2012-02-28,5.78,5.93,5.93,5.75,6800
2012-02-29,5.80,5.79,5.97,5.79,13000
2012-03-01,5.76,5.87,5.87,5.69,3600
2012-03-02,5.56,5.77,5.80,5.52,8700
2012-03-05,5.60,5.53,5.63,5.53,3100
2012-03-06,5.54,5.52,5.62,5.50,12500
2012-03-07,5.73,5.56,5.74,5.55,4200
2012-03-08,5.84,5.75,5.92,5.66,4500
2012-03-09,5.83,5.81,5.93,5.74,8600
2012-03-12,5.82,5.81,5.93,5.81,10200
2012-03-13,5.92,5.88,5.94,5.60,7400
2012-03-14,5.64,5.88,5.88,5.64,1900
2012-03-15,5.92,5.68,5.92,5.68,4800
2012-03-16,6.24,5.93,6.24,5.60,63100
2012-03-19,6.24,6.21,6.25,5.86,26900
2012-03-20,6.12,6.15,6.20,6.05,3800
2012-03-21,5.86,6.16,6.16,5.86,3100
2012-03-22,5.65,5.81,5.86,5.65,9300
2012-03-23,5.64,6.07,6.07,5.58,6200
2012-03-26,5.93,5.68,5.94,5.68,7100
2012-03-27,6.00,5.90,6.09,5.67,2900
2012-03-28,5.77,5.96,5.96,5.73,5300
2012-03-29,5.80,5.73,5.89,5.72,28600
2012-03-30,5.68,5.90,5.90,5.61,8400
2012-04-02,5.90,5.68,5.98,5.66,9000
2012-04-03,5.75,5.85,5.99,5.57,7700
2012-04-04,5.77,5.72,5.96,5.72,7800
2012-04-05,5.82,5.75,5.92,5.75,5700
2012-04-09,5.83,5.72,5.94,5.72,6900
2012-04-10,5.73,5.85,5.95,5.64,31400
2012-04-11,5.85,5.79,5.86,5.68,8900
2012-04-12,5.75,5.81,5.89,5.65,8000
2012-04-13,5.59,5.69,5.71,5.55,4700
2012-04-16,5.39,5.55,5.55,5.21,9700
2012-04-17,5.60,5.40,5.77,5.16,8400
2012-04-18,5.24,5.54,5.54,5.21,5100
2012-04-19,5.21,5.49,5.49,5.21,4700
2012-04-20,5.43,5.46,5.49,5.20,8100
2012-04-23,5.20,5.43,5.43,5.20,11000
2012-04-24,5.35,5.21,5.78,5.21,12500
2012-04-25,5.35,5.34,5.37,5.26,6100
2012-04-26,5.75,5.31,5.82,5.31,25200
2012-04-27,5.62,5.68,5.88,5.51,11800
2012-04-30,5.69,5.62,5.69,5.62,6200
2012-05-01,5.34,5.66,5.66,5.31,20000
2012-05-02,5.28,5.33,5.47,5.15,7200
2012-05-03,5.10,5.23,5.34,5.05,15000
2012-05-04,4.71,5.09,5.33,4.71,9900
2012-05-07,6.04,4.95,6.28,4.51,61000
2012-05-08,5.81,6.05,6.05,5.50,9400
2012-05-09,5.54,5.75,5.89,5.51,4600
2012-05-10,5.72,5.59,5.72,5.59,1900
2012-05-11,5.35,5.60,5.60,5.32,16100
2012-05-14,5.11,5.25,5.53,5.10,18900
2012-05-15,5.10,5.07,5.30,5.05,5500
2012-05-16,5.09,5.16,5.29,5.09,3300
2012-05-17,4.88,5.10,5.10,4.80,8800
2012-05-18,4.52,4.90,5.05,4.52,16100
2012-05-21,4.77,4.65,4.94,4.63,6400
2012-05-22,4.51,4.71,4.72,4.51,4200
2012-05-23,4.67,4.51,4.75,4.51,19000
2012-05-24,4.93,4.66,5.11,4.60,10700
2012-05-25,5.07,4.92,5.37,4.92,8300
2012-05-29,5.18,5.12,5.29,4.72,19700
2012-05-30,4.91,5.12,5.29,4.90,6900
2012-05-31,5.50,4.91,5.55,4.85,33500
2012-06-01,5.14,5.33,5.42,5.10,9000
2012-06-04,5.29,5.22,5.45,4.84,11400
2012-06-05,5.39,5.27,5.44,4.96,10300
2012-06-06,5.51,5.45,5.60,5.23,18800
2012-06-07,5.57,5.55,5.59,5.12,17500
2012-06-08,5.79,5.56,5.84,5.35,11200
2012-06-11,4.49,5.82,5.82,4.34,63100
2012-06-12,4.76,4.58,4.85,4.51,17600
2012-06-13,4.46,4.59,4.76,4.43,15400
2012-06-14,4.57,4.50,4.60,4.26,20600
2012-06-15,4.68,4.55,4.70,4.55,23300
2012-06-18,4.45,4.60,4.74,4.23,22600
2012-06-19,4.65,4.46,4.66,4.39,17500
2012-06-20,4.74,4.68,4.74,4.34,15100
2012-06-21,4.62,4.61,4.82,4.45,8400
2012-06-22,5.79,4.65,5.80,4.34,100200
2012-06-25,5.45,5.51,5.55,5.25,18500
2012-06-26,5.72,5.42,5.74,5.39,10500
2012-06-27,5.90,5.75,5.94,5.65,15300
2012-06-28,5.80,5.86,5.89,5.50,10500
2012-06-29,5.93,5.90,5.93,5.58,12800
2012-07-02,5.80,5.81,5.82,5.61,12400
2012-07-03,5.80,5.82,5.90,5.41,3600
2012-07-05,5.70,5.73,5.73,5.39,2800
2012-07-06,5.76,5.63,5.92,5.36,11000
2012-07-09,5.70,5.71,5.71,5.54,5900
2012-07-10,5.81,5.80,5.82,5.67,4700
2012-07-11,5.74,5.84,5.86,5.40,5300
2012-07-12,5.75,5.69,5.84,5.43,5600
2012-07-13,5.73,5.85,5.85,5.46,13500
2012-07-16,5.55,5.50,5.59,5.44,9600
2012-07-17,5.61,5.55,5.62,5.48,7400
2012-07-18,5.80,5.61,5.80,5.61,6800
2012-07-19,5.56,5.79,5.79,5.56,10200
2012-07-20,5.50,5.51,5.51,5.26,7900
2012-07-23,5.20,5.26,5.26,5.16,5700
2012-07-24,4.93,5.16,5.18,4.88,11800
2012-07-25,5.03,4.99,5.12,4.99,1900
2012-07-26,4.99,5.16,5.16,4.99,2900
2012-07-27,5.37,5.07,5.40,4.69,4900
2012-07-30,5.28,5.36,5.39,5.01,1300
2012-07-31,5.18,5.24,5.49,4.99,5900
2012-08-01,4.65,5.27,5.27,4.65,9700
2012-08-02,4.52,4.82,4.82,4.50,16500
2012-08-03,4.70,4.70,4.74,4.56,5600
2012-08-06,4.77,4.72,4.80,4.71,2600
2012-08-07,5.00,4.81,5.00,4.79,8500
2012-08-08,4.95,4.98,5.00,4.80,5300
2012-08-09,4.93,5.00,5.00,4.74,3600
2012-08-10,4.78,4.99,4.99,4.78,1500
2012-08-13,4.92,4.63,4.98,4.63,800
2012-08-14,4.78,4.92,4.97,4.58,4100
2012-08-15,4.97,4.99,4.99,4.77,3700
2012-08-16,5.10,4.97,5.10,4.86,6500
2012-08-17,5.10,5.06,5.10,4.82,6200
2012-08-20,5.02,4.99,5.16,4.92,5100
2012-08-21,4.89,5.08,5.09,4.89,2700
2012-08-22,5.17,4.97,5.22,4.79,700
2012-08-23,4.85,5.17,5.17,4.85,2200
2012-08-24,5.00,4.90,5.20,4.90,3800
2012-08-27,5.11,5.03,5.15,5.03,4100
2012-08-28,5.14,5.11,5.14,5.10,5400
2012-08-29,5.14,5.19,5.20,5.02,2600
2012-08-30,5.02,4.97,5.02,4.97,1100
2012-08-31,5.22,5.10,5.22,4.97,8200
2012-09-04,5.20,5.03,5.21,5.03,5000
2012-09-05,5.37,5.30,5.48,5.30,18700
2012-09-06,5.50,5.46,5.50,5.33,11600
2012-09-07,5.35,5.52,5.52,5.20,5900
2012-09-10,5.33,5.40,5.42,5.33,23900
2012-09-11,5.38,5.28,5.48,5.28,6500
2012-09-12,5.24,5.32,5.32,5.12,4900
2012-09-13,5.50,5.18,5.50,5.18,9000
2012-09-14,5.35,5.50,5.50,5.22,16900
2012-09-17,5.45,5.29,5.50,5.13,25900
2012-09-18,5.30,5.48,5.49,5.20,26800
2012-09-19,5.20,5.34,5.47,5.16,15500
2012-09-20,4.69,5.30,5.30,4.69,33100
2012-09-21,5.13,4.82,5.20,4.67,61400
2012-09-24,5.13,5.08,5.30,4.83,6600
2012-09-25,5.15,5.21,5.30,5.09,10300
2012-09-26,5.30,5.19,5.49,5.13,14700
2012-09-27,5.39,5.36,5.39,5.22,2400
2012-09-28,5.28,5.34,5.44,5.07,5000
2012-10-01,5.41,5.33,5.50,5.29,8500
2012-10-02,5.46,5.37,5.50,5.37,5500
2012-10-03,5.47,5.50,5.50,5.37,20600
2012-10-04,5.50,5.47,5.50,5.37,6600
2012-10-05,5.41,5.50,5.50,5.37,17300
2012-10-08,5.39,5.38,5.50,5.36,5900
2012-10-09,5.30,5.37,5.47,5.30,4700
2012-10-10,5.48,5.30,5.49,5.30,2800
2012-10-11,5.49,5.42,5.50,5.36,6400
2012-10-12,5.44,5.50,5.60,5.38,5800
2012-10-15,5.55,5.50,5.55,5.40,3200
2012-10-16,5.65,5.62,5.65,5.53,5400
2012-10-17,5.74,5.65,5.74,5.65,2800
2012-10-18,5.63,5.74,5.74,5.60,3300
2012-10-19,5.39,5.67,5.72,5.32,20400
2012-10-22,5.09,5.45,5.45,5.03,9300
2012-10-23,4.99,5.09,5.09,4.99,1800
2012-10-24,5.27,5.19,5.37,5.19,6500
2012-10-25,5.16,5.32,5.34,5.15,2200
2012-10-26,5.04,5.17,5.17,4.95,1800
2012-10-31,4.98,4.97,5.12,4.86,7900
2012-11-01,5.01,4.97,5.02,4.90,6900
2012-11-02,4.94,5.02,5.20,4.89,7500
2012-11-05,5.26,4.95,5.35,4.95,7100
2012-11-06,5.18,5.31,5.32,5.13,4500
2012-11-07,4.85,5.08,5.08,4.75,20600
2012-11-08,4.75,4.86,4.86,4.75,12900
2012-11-09,4.95,4.75,4.96,4.75,5500
2012-11-12,5.02,4.95,5.03,4.93,3500
2012-11-13,4.97,4.99,4.99,4.81,1500
2012-11-14,4.77,5.07,5.07,4.77,6300
2012-11-15,4.81,4.80,4.91,4.80,1900
2012-11-16,4.68,4.75,4.88,4.65,10600
2012-11-19,5.14,4.69,5.14,4.69,8200
2012-11-20,4.93,5.05,5.05,4.93,1900
2012-11-21,5.09,4.95,5.20,4.81,4300
2012-11-23,5.15,5.13,5.21,4.93,5600
2012-11-26,5.16,5.16,5.18,5.09,4400
2012-11-27,4.83,5.13,5.19,4.80,13000
2012-11-28,5.05,4.80,5.05,4.80,3700
2012-11-29,5.18,5.10,5.20,5.07,3000
2012-11-30,5.12,5.13,5.19,5.03,4600
2012-12-03,5.15,5.13,5.19,5.08,4100
2012-12-04,5.19,5.20,5.20,5.10,2000
2012-12-05,5.20,5.20,5.20,5.16,2600
2012-12-06,5.06,5.18,5.18,4.94,6800
2012-12-07,5.00,5.13,5.13,4.96,4300
2012-12-10,4.99,5.00,5.00,4.94,5800
2012-12-11,5.15,5.05,5.18,4.99,12900
2012-12-12,5.42,5.14,5.45,5.10,71100
2012-12-13,5.40,5.42,5.42,5.31,1600
2012-12-14,5.36,5.35,5.38,5.31,5800
2012-12-17,5.49,5.40,5.50,5.34,8200
2012-12-18,5.72,5.50,5.72,5.50,14600
2012-12-19,5.74,5.72,5.74,5.54,10500
2012-12-20,5.94,5.72,5.94,5.65,10500
2012-12-21,6.01,6.00,6.01,5.80,73300
2012-12-24,5.91,5.95,6.00,5.90,3900
2012-12-26,5.71,6.01,6.01,5.70,6500
2012-12-27,5.95,5.74,6.01,5.52,11400
2012-12-28,5.78,5.88,5.88,5.65,4500
2012-12-31,6.26,5.79,6.74,5.73,18600
2013-01-02,6.81,6.57,7.00,6.25,49100
2013-01-03,6.52,6.87,6.95,6.43,13400
2013-01-04,6.69,6.62,6.90,6.10,12100
2013-01-07,6.68,6.56,6.96,6.42,3700
2013-01-08,6.66,6.43,6.97,6.42,3600
2013-01-09,6.81,6.94,6.99,6.81,3400
2013-01-10,6.35,6.94,7.00,6.35,30800
2013-01-11,5.61,6.43,6.47,5.60,45000
2013-01-14,5.92,5.61,6.17,5.61,11700
2013-01-15,6.37,6.01,6.74,5.99,15100
2013-01-16,6.49,6.39,6.60,6.30,6100
2013-01-17,6.60,6.48,6.60,6.48,3200
2013-01-18,6.94,6.74,6.94,6.70,9700
2013-01-22,6.98,7.06,7.06,6.60,11400
2013-01-23,6.92,6.95,6.99,6.75,5300
2013-01-24,6.94,6.91,6.95,6.90,5700
2013-01-25,6.84,6.95,6.95,6.77,5400
2013-01-28,7.00,6.87,7.00,6.85,3800
2013-01-29,6.95,6.91,6.95,6.82,4900
2013-01-30,6.85,6.86,6.95,6.85,5300
2013-01-31,6.92,6.85,6.92,6.53,8300
2013-02-01,7.06,6.95,7.06,6.89,8400
2013-02-04,6.79,6.93,7.02,6.79,3500
2013-02-05,7.18,6.88,7.18,6.87,4200
2013-02-06,7.10,7.14,7.14,7.07,3300
2013-02-07,6.83,7.13,7.13,6.83,3000
2013-02-08,6.42,6.90,6.90,6.40,11800
2013-02-11,6.41,6.54,6.79,6.38,4000
2013-02-12,6.49,6.45,6.49,6.41,1900
2013-02-13,6.43,6.48,6.50,6.42,5100
2013-02-14,6.49,6.42,6.50,6.40,4000
2013-02-15,6.49,6.50,6.50,6.38,5900
2013-02-19,6.39,6.40,6.40,6.29,10200
2013-02-20,6.20,6.40,6.40,6.20,12600
2013-02-21,6.22,6.32,6.32,6.20,2600
2013-02-22,6.27,6.27,6.30,6.17,3800
2013-02-25,6.00,6.30,6.30,6.00,3800
2013-02-26,6.23,6.07,6.30,6.00,3600
2013-02-27,6.25,6.25,6.26,6.07,2800
2013-02-28,6.03,6.22,6.22,5.95,3000
2013-03-01,6.14,5.96,6.40,5.96,3000
2013-03-04,6.17,6.27,6.27,6.17,900
2013-03-05,6.20,6.25,6.29,6.01,5000
2013-03-06,6.24,6.19,6.24,6.19,800
2013-03-07,6.22,6.23,6.25,6.16,3800
2013-03-08,6.19,6.25,6.25,6.19,6400
2013-03-11,6.24,6.18,6.25,6.18,3100
2013-03-12,6.36,6.24,6.36,6.22,8500
2013-03-13,6.64,6.40,6.64,6.40,3100
2013-03-14,6.80,6.64,6.98,6.64,9100
2013-03-15,6.84,6.81,6.90,6.68,13900
2013-03-18,6.79,6.72,6.90,6.72,7900
2013-03-19,6.85,6.86,6.86,6.80,26600
2013-03-20,7.00,6.90,7.00,6.88,12900
2013-03-21,6.67,6.93,6.93,6.62,6200
2013-03-22,6.65,6.64,6.65,6.56,2200
2013-03-25,6.61,6.71,6.71,6.60,4800
2013-03-26,6.74,6.79,6.79,6.74,1600
2013-03-27,6.70,6.69,6.74,6.62,1300
2013-03-28,6.76,6.72,6.76,6.30,79700
2013-04-01,6.62,6.65,6.86,6.59,4800
2013-04-02,6.67,6.48,6.73,6.48,6400
2013-04-03,6.57,6.73,6.84,6.50,5800
2013-04-04,6.67,6.67,6.67,6.67,1400
2013-04-05,6.52,6.51,6.69,6.51,1900
2013-04-08,6.65,6.65,6.77,6.55,3100
2013-04-09,6.51,6.65,6.65,6.51,2400
2013-04-10,6.54,6.58,6.58,6.46,7000
2013-04-11,6.59,6.55,6.69,6.55,1400
2013-04-12,6.44,6.55,6.59,6.43,3900
2013-04-15,5.76,6.39,6.39,5.75,21900
2013-04-16,5.90,5.85,6.07,5.75,8600
2013-04-17,5.77,5.83,6.07,5.70,5300
2013-04-18,6.01,6.09,6.12,6.00,4600
2013-04-19,6.24,6.04,6.34,6.04,5500
2013-04-22,6.05,6.01,6.05,6.01,1900
2013-04-23,6.21,6.12,6.21,5.85,4800
2013-04-24,6.19,6.17,6.20,6.14,2100
2013-04-25,5.99,6.19,6.22,5.80,4600
2013-04-26,5.86,6.04,6.04,5.85,7600
2013-04-29,5.88,5.84,5.99,5.80,7500
2013-04-30,5.97,5.90,6.00,5.85,5800
2013-05-01,5.60,5.91,5.99,5.53,21400
2013-05-02,5.71,5.73,5.73,5.69,4300
2013-05-03,5.83,5.86,5.86,5.78,3300
2013-05-06,5.83,5.83,5.83,5.75,1800
2013-05-07,5.98,5.83,5.98,5.81,2600
2013-05-08,5.99,5.98,6.00,5.74,8300
2013-05-09,5.77,6.00,6.00,5.77,2900
2013-05-10,5.88,5.77,5.97,5.68,2300
2013-05-13,5.87,5.85,5.90,5.81,2100
2013-05-14,5.77,5.87,5.87,5.66,6700
2013-05-15,5.70,5.72,5.80,5.64,2400
2013-05-16,5.81,5.89,5.99,5.67,18800
2013-05-17,5.79,5.84,5.84,5.63,13300
2013-05-20,5.76,5.74,5.81,5.70,6100
2013-05-21,5.99,5.75,5.99,5.75,3600
2013-05-22,5.65,5.90,5.90,5.63,8900
2013-05-23,5.75,5.60,5.83,5.60,1800
2013-05-24,5.99,5.72,6.00,5.65,4200
2013-05-28,5.78,6.00,6.00,5.65,9600
2013-05-29,5.65,5.65,5.74,5.65,3800
2013-05-30,5.97,5.66,6.00,5.65,11800
2013-05-31,5.75,5.89,5.98,5.69,6800
2013-06-03,5.82,5.76,5.94,5.66,13700
2013-06-04,5.86,5.82,5.94,5.82,8400
2013-06-05,5.72,5.85,5.87,5.72,4000
2013-06-06,5.74,5.74,5.87,5.67,3300
2013-06-07,5.72,5.84,5.84,5.71,2700
2013-06-10,5.72,5.74,5.82,5.72,1900
2013-06-11,5.69,5.67,5.87,5.66,9300
2013-06-12,5.82,5.74,6.00,5.69,3400
2013-06-13,5.94,5.85,5.94,5.66,4300
2013-06-14,5.78,5.91,5.99,5.78,6000
2013-06-17,5.74,5.82,5.82,5.65,13100
2013-06-18,5.75,5.73,5.85,5.66,3000
2013-06-19,5.67,5.71,5.86,5.66,4600
2013-06-20,5.61,5.77,5.77,5.60,15900
2013-06-21,5.68,5.65,5.68,5.61,16200
2013-06-24,5.70,5.65,5.93,5.51,7200
2013-06-25,5.80,5.85,5.85,5.72,5300
2013-06-26,5.71,5.80,5.86,5.51,25900
2013-06-27,5.85,5.74,5.86,5.70,6800
2013-06-28,6.21,5.84,6.21,5.70,75300
2013-07-01,6.07,6.24,6.24,5.95,35900
2013-07-02,6.22,6.09,6.25,6.00,14000
2013-07-03,6.52,6.42,6.68,6.30,16100
2013-07-05,6.72,6.35,6.75,6.35,19200
2013-07-08,6.50,6.84,6.84,6.43,8100
2013-07-09,6.67,6.50,6.74,5.84,6900
2013-07-10,6.82,6.72,6.83,6.56,14200
2013-07-11,6.65,6.84,6.95,6.57,18200
2013-07-12,6.65,6.65,6.85,6.45,4800
2013-07-15,6.65,6.64,6.86,6.35,7700
2013-07-16,6.35,6.43,6.72,6.29,52300
2013-07-17,6.42,6.42,6.56,6.39,7200
2013-07-18,6.44,6.43,6.80,6.29,14100
2013-07-19,6.51,6.43,6.51,6.17,4300
2013-07-22,6.52,6.20,6.71,6.20,9700
2013-07-23,6.53,6.57,6.65,6.40,12600
2013-07-24,6.11,6.58,6.58,6.08,26900
2013-07-25,6.32,6.27,6.34,6.20,7800
2013-07-26,6.25,6.26,6.33,6.20,1300
2013-07-29,6.16,6.12,6.26,6.12,2700
2013-07-30,6.31,6.26,6.32,6.23,3000
2013-07-31,5.93,6.32,6.32,5.93,31700
2013-08-01,5.94,5.88,6.21,5.88,8200
2013-08-02,6.00,5.93,6.05,5.82,4500
2013-08-05,5.97,6.00,6.00,5.94,1900
2013-08-06,5.97,5.95,6.03,5.95,4600
2013-08-07,5.96,6.00,6.07,5.95,3200
2013-08-08,6.01,5.98,6.08,5.97,7000
2013-08-09,5.97,6.09,6.09,5.97,3300
2013-08-12,5.98,6.00,6.16,5.95,10200
2013-08-13,6.07,5.98,6.12,5.98,5000
2013-08-14,6.20,6.09,6.32,6.09,9100
2013-08-15,5.86,6.16,6.19,5.85,5400
2013-08-16,5.88,5.86,6.10,5.86,5300
2013-08-19,6.01,5.97,6.31,5.73,17700
2013-08-20,6.23,6.08,6.24,5.92,33400
2013-08-21,6.27,6.20,6.29,6.10,3700
2013-08-22,6.30,6.31,6.32,6.06,3800
2013-08-23,6.29,6.34,6.50,6.15,14000
2013-08-26,6.25,6.40,6.40,6.13,10400
2013-08-27,6.01,6.18,6.45,6.01,8300
2013-08-28,5.92,6.03,6.27,5.92,8000
2013-08-29,6.23,5.93,6.24,5.93,11000
2013-08-30,5.99,6.20,6.28,5.97,4400
2013-09-03,6.15,6.10,6.29,6.00,3300
2013-09-04,6.10,6.23,6.24,6.08,3500
2013-09-05,6.05,6.14,6.21,6.03,2000
2013-09-06,6.10,6.10,6.16,6.00,7500
2013-09-09,6.14,6.09,6.16,6.03,3300
2013-09-10,6.09,6.16,6.16,5.92,37800
2013-09-11,5.96,5.97,6.03,5.91,3300
2013-09-12,5.98,5.96,6.10,5.96,4200
2013-09-13,5.98,6.02,6.02,5.95,1800
2013-09-16,6.00,6.00,6.00,5.97,3800
2013-09-17,6.00,5.91,6.05,5.91,9800
2013-09-18,5.99,6.00,6.01,5.95,9200
2013-09-19,5.90,5.96,5.99,5.90,15500
2013-09-20,5.85,5.90,5.95,5.75,43100
2013-09-23,5.89,5.86,5.92,5.80,4700
2013-09-24,5.89,5.89,5.98,5.85,6400
2013-09-25,5.80,5.90,5.90,5.80,2100
2013-09-26,5.81,5.83,5.90,5.75,8800
2013-09-27,5.81,5.80,5.90,5.80,6700
2013-09-30,5.83,5.75,6.34,5.75,29400
2013-10-01,5.84,5.85,5.90,5.77,12600
2013-10-02,5.75,5.80,5.80,5.75,6700
2013-10-03,5.76,5.75,5.80,5.75,5400
2013-10-04,5.78,5.75,5.85,5.75,6400
2013-10-07,5.75,5.76,5.79,5.75,3600
2013-10-08,5.72,5.79,5.79,5.72,6400
2013-10-09,5.65,5.76,5.77,5.61,9100
2013-10-10,5.74,5.72,5.75,5.65,3700
2013-10-11,5.75,5.71,5.76,5.64,14100
2013-10-14,5.75,5.76,5.85,5.73,5100
2013-10-15,5.68,5.80,5.80,5.68,3600
2013-10-16,5.76,5.75,5.82,5.74,5000
2013-10-17,5.80,5.72,5.85,5.68,5900
2013-10-18,5.92,5.89,5.95,5.76,9700
2013-10-21,5.79,5.90,5.91,5.76,9000
2013-10-22,5.96,5.80,6.07,5.75,20500
2013-10-23,5.99,5.95,6.00,5.95,12000
2013-10-24,5.64,5.98,5.98,5.60,91200
2013-10-25,5.67,5.79,5.87,5.58,44300
2013-10-28,5.65,5.69,5.82,5.59,108300
2013-10-29,5.51,5.64,5.78,5.50,45700
2013-10-30,5.30,5.53,5.65,5.30,63300
2013-10-31,5.17,5.38,5.41,5.11,42600
2013-11-01,5.16,5.20,5.34,5.10,56800
2013-11-04,5.06,5.16,5.16,5.00,25100
2013-11-05,5.06,5.14,5.17,5.03,20900
2013-11-06,5.05,5.10,5.31,5.05,25500
2013-11-07,5.20,5.10,5.30,5.03,51100
2013-11-08,5.24,5.15,5.25,5.10,18300
2013-11-11,5.17,5.21,5.21,5.11,2400
2013-11-12,5.08,5.12,5.15,5.01,46700
2013-11-13,5.09,5.03,5.26,5.03,8600
2013-11-14,5.03,5.10,5.15,5.00,23400
2013-11-15,5.02,5.03,5.09,4.99,13300
2013-11-18,5.06,5.00,5.19,4.98,18100
2013-11-19,5.05,5.05,5.18,4.98,13700
2013-11-20,5.05,5.01,5.12,5.01,3400
2013-11-21,5.19,5.08,5.19,5.05,8200
2013-11-22,5.08,5.17,5.19,5.03,20400
2013-11-25,5.09,5.06,5.15,5.06,11800
2013-11-26,5.07,5.08,5.09,5.02,9300
2013-11-27,5.07,5.02,5.10,5.02,10600
2013-11-29,5.08,5.10,5.13,5.06,3100
2013-12-02,5.00,5.03,5.04,4.97,34300
2013-12-03,4.99,4.98,5.06,4.85,14900
2013-12-04,5.21,4.98,5.59,4.98,55900
2013-12-05,5.24,5.24,5.24,5.12,7600
2013-12-06,5.22,5.30,5.34,5.11,10600
2013-12-09,5.18,5.23,5.26,5.12,3700
2013-12-10,5.20,5.20,5.24,5.13,7500
2013-12-11,5.20,5.18,5.22,5.08,9300
2013-12-12,5.40,5.19,5.42,5.15,26600
2013-12-13,5.23,5.30,5.30,5.16,18900
2013-12-16,5.17,5.22,5.23,5.14,20400
2013-12-17,5.16,5.15,5.35,5.15,8300
2013-12-18,5.33,5.19,5.34,5.17,26100
2013-12-19,5.08,5.35,5.42,5.01,43100
2013-12-20,5.03,5.12,5.24,4.99,91600
2013-12-23,5.22,5.07,5.26,5.07,15600
2013-12-24,5.26,5.24,5.33,5.15,7700
2013-12-26,5.09,5.29,5.29,5.05,12600
2013-12-27,5.10,5.20,5.23,5.05,29800
2013-12-30,5.13,5.12,5.25,5.06,41400
2013-12-31,5.23,5.11,5.25,5.11,36200
2014-01-02,5.19,5.23,5.25,5.11,15400
2014-01-03,5.23,5.19,5.29,5.16,19000
2014-01-06,5.13,5.23,5.23,5.07,18600
2014-01-07,5.14,5.16,5.25,5.06,18900
2014-01-08,5.12,5.09,5.15,5.08,19400
2014-01-09,5.16,5.15,5.17,5.09,17600
2014-01-10,5.19,5.13,5.23,5.09,21600
2014-01-13,5.15,5.15,5.23,5.12,20200
2014-01-14,5.14,5.15,5.15,5.09,20000
2014-01-15,5.08,5.12,5.22,5.00,63600
2014-01-16,5.05,5.05,5.10,4.86,21900
2014-01-17,4.85,5.07,5.07,4.80,53300
2014-01-21,4.83,4.90,4.98,4.76,23400
2014-01-22,4.87,4.80,4.88,4.70,22100
2014-01-23,4.71,4.88,4.88,4.70,50800
2014-01-24,4.82,4.70,4.82,4.66,18900
2014-01-27,4.89,4.85,4.92,4.80,12200
2014-01-28,4.96,4.93,5.03,4.83,24200
2014-01-29,4.99,4.97,4.99,4.89,47600
2014-01-30,4.98,4.96,5.05,4.92,31800
2014-01-31,4.82,4.97,4.97,4.82,14900
2014-02-03,4.76,4.83,5.13,4.73,56700
2014-02-04,4.69,4.81,4.86,4.67,9200
2014-02-05,4.71,5.13,5.13,4.68,21900
2014-02-06,4.56,4.66,4.72,4.54,34800
2014-02-07,4.49,4.55,4.75,4.39,93800
2014-02-10,4.70,4.55,5.00,4.31,136600
2014-02-11,4.74,4.73,4.83,4.58,44400
2014-02-12,4.65,4.77,4.77,4.61,33600
2014-02-13,4.91,4.65,5.00,4.65,42700
2014-02-14,4.82,4.92,4.99,4.76,40500
2014-02-18,4.81,4.85,4.93,4.67,52100
2014-02-19,4.78,4.75,4.86,4.70,43900
2014-02-20,4.82,4.68,4.85,4.68,20800
2014-02-21,4.77,4.85,4.85,4.74,11800
2014-02-24,4.94,4.75,4.98,4.75,30800
2014-02-25,4.93,4.93,5.05,4.90,29000
2014-02-26,4.83,4.79,4.91,4.70,25500
2014-02-27,4.87,4.83,4.95,4.71,20200
2014-02-28,4.88,4.89,4.95,4.77,23400
2014-03-03,4.79,4.90,4.94,4.71,31700
2014-03-04,4.98,4.77,5.07,4.77,45700
2014-03-05,4.83,5.00,5.00,4.73,14500
2014-03-06,5.08,4.84,5.10,4.84,45000
2014-03-07,5.16,5.12,5.39,5.11,30700
2014-03-10,5.10,5.13,5.17,5.04,13700
2014-03-11,5.16,5.13,5.18,5.04,18600
2014-03-12,5.33,5.17,5.50,5.17,173100
2014-03-13,5.34,5.34,5.44,5.19,122100
2014-03-14,5.30,5.34,5.42,5.25,28000
2014-03-17,5.38,5.30,5.44,5.25,17600
2014-03-18,5.40,5.40,5.47,5.23,43700
2014-03-19,5.41,5.37,5.51,5.26,52100
2014-03-20,5.50,5.43,5.60,5.43,119400
2014-03-21,5.63,5.50,5.66,5.50,72200
2014-03-24,5.74,5.71,5.79,5.64,33000
2014-03-25,5.69,5.82,5.82,5.56,39600
2014-03-26,5.55,5.73,5.73,5.50,45400
2014-03-27,5.42,5.61,5.61,5.39,44200
2014-03-28,5.52,5.40,5.57,5.40,32400
2014-03-31,5.60,5.59,5.69,5.51,29000
2014-04-01,5.62,5.63,5.66,5.57,26500
2014-04-02,5.67,5.66,5.69,5.53,19500
2014-04-03,5.68,5.69,5.72,5.68,18700
2014-04-04,5.55,5.73,5.73,5.51,28100
2014-04-07,5.38,5.59,5.59,5.35,22900
2014-04-08,5.23,5.64,5.64,5.23,20000
2014-04-09,5.10,5.33,5.33,5.04,31200
2014-04-10,5.03,5.11,5.15,5.00,32200
2014-04-11,4.87,5.00,5.04,4.85,46000
2014-04-14,4.86,4.95,5.18,4.76,31800
2014-04-15,4.82,4.83,4.99,4.75,41900
2014-04-16,4.91,4.80,5.07,4.80,17400
2014-04-17,4.87,4.90,4.94,4.85,17300
2014-04-21,4.86,4.92,5.10,4.80,16500
2014-04-22,4.87,4.88,4.88,4.83,6400
2014-04-23,4.81,4.86,4.87,4.80,13600
2014-04-24,4.73,4.81,4.92,4.70,24500
2014-04-25,4.69,4.77,4.77,4.60,23000
2014-04-28,4.68,4.69,4.73,4.67,11500
2014-04-29,4.84,4.70,4.95,4.67,35200
2014-04-30,4.73,4.84,4.88,4.71,13700
2014-05-01,4.75,4.80,4.84,4.73,26100
2014-05-02,5.06,4.78,5.50,4.73,36900
2014-05-05,4.83,5.06,5.10,4.79,14100
2014-05-06,4.71,4.81,4.83,4.71,19400
2014-05-07,4.73,4.71,4.80,4.71,22500
2014-05-08,4.70,4.85,4.85,4.70,13700
2014-05-09,4.67,4.70,4.74,4.64,19100
2014-05-12,4.83,4.63,4.84,4.63,16500
2014-05-13,4.83,4.82,4.89,4.69,31900
2014-05-14,4.65,4.70,4.79,4.62,14900
2014-05-15,4.59,4.61,4.66,4.56,24700
2014-05-16,4.57,4.58,4.65,4.51,26000
2014-05-19,4.33,4.53,4.59,4.26,398900
2014-05-20,4.22,4.42,4.42,4.15,188800
2014-05-21,4.20,4.25,4.27,4.16,247900
2014-05-22,4.27,4.19,4.29,4.16,231000
2014-05-23,4.28,4.29,4.43,4.20,149300
2014-05-27,4.36,4.36,4.38,4.35,101300
2014-05-28,4.27,4.34,4.40,4.26,70100
2014-05-29,4.33,4.30,4.34,4.26,51400
2014-05-30,4.34,4.33,4.38,4.11,327900
2014-06-02,4.45,4.36,4.48,4.35,222200
2014-06-03,4.31,4.42,4.47,4.26,81700
2014-06-04,4.33,4.31,4.42,4.30,65900
2014-06-05,4.46,4.32,4.48,4.30,64700
2014-06-06,4.56,4.48,4.60,4.42,994800
2014-06-09,4.67,4.58,4.76,4.58,535700
2014-06-10,4.72,4.66,4.75,4.65,650900
2014-06-11,4.80,4.70,4.87,4.69,605800
2014-06-12,4.79,4.77,4.81,4.71,123500
2014-06-13,4.75,4.79,4.81,4.74,105500
2014-06-16,4.73,4.77,4.79,4.60,240800
2014-06-17,4.76,4.71,4.77,4.66,349700
2014-06-18,4.83,4.73,4.89,4.73,180500
2014-06-19,4.82,4.86,4.86,4.75,126200
2014-06-20,4.93,4.81,4.98,4.72,761500
2014-06-23,5.06,4.93,5.08,4.90,148300
2014-06-24,5.10,5.01,5.15,5.01,171000
2014-06-25,5.15,5.10,5.18,5.01,205500
2014-06-26,5.24,5.15,5.26,5.09,170200
2014-06-27,5.22,5.20,5.30,5.13,326500
2014-06-30,5.21,5.22,5.23,5.13,67000
2014-07-01,5.27,5.20,5.31,5.15,161400
2014-07-02,5.24,5.24,5.30,5.19,83200
2014-07-03,5.27,5.24,5.28,5.08,44100
2014-07-07,5.29,5.29,5.35,5.13,162200
2014-07-08,5.15,5.30,5.30,5.09,121400
2014-07-09,5.16,5.14,5.24,5.10,50000
2014-07-10,5.24,5.16,5.28,5.10,150700
2014-07-11,5.29,5.24,5.35,5.20,226600
2014-07-14,5.34,5.36,5.38,5.30,120400
2014-07-15,5.37,5.38,5.40,5.27,125600
2014-07-16,5.58,5.35,5.65,5.33,1022500
2014-07-17,5.35,5.53,5.53,5.32,93200
2014-07-18,5.50,5.33,5.60,5.33,172800
2014-07-21,5.45,5.51,5.51,5.42,34900
2014-07-22,5.48,5.50,5.50,5.46,58800
2014-07-23,5.43,5.48,5.50,5.40,39900
2014-07-24,5.35,5.45,5.47,5.30,86300
2014-07-25,5.28,5.30,5.38,5.20,76300
2014-07-28,5.25,5.30,5.31,5.14,63600
2014-07-29,5.29,5.23,5.36,5.13,60900
2014-07-30,5.47,5.35,5.50,5.33,134600
2014-07-31,5.42,5.41,5.50,5.34,177800
2014-08-01,5.35,5.41,5.48,5.30,100700
2014-08-04,5.31,5.37,5.40,5.29,81100
2014-08-05,5.31,5.29,5.41,5.27,102500
2014-08-06,5.36,5.26,5.39,5.26,54500
2014-08-07,5.32,5.39,5.47,5.29,59900
2014-08-08,5.32,5.28,5.39,5.21,81900
2014-08-11,5.29,5.32,5.37,5.16,49900
2014-08-12,5.18,5.25,5.26,5.10,80300
2014-08-13,5.18,5.23,5.23,5.15,64100
2014-08-14,5.18,5.21,5.31,5.16,46800
2014-08-15,5.10,5.25,5.25,5.10,80200
2014-08-18,5.23,5.13,5.24,5.10,89400
2014-08-19,5.35,5.21,5.40,5.16,115200
2014-08-20,5.42,5.36,5.45,5.30,772900
2014-08-21,5.39,5.40,5.44,5.31,54900
2014-08-22,5.34,5.43,5.49,5.33,73400
2014-08-25,5.16,5.35,5.44,5.10,60700
2014-08-26,5.15,5.14,5.34,5.12,97500
2014-08-27,5.13,5.14,5.25,5.11,120200
2014-08-28,5.08,5.12,5.13,5.06,100600
2014-08-29,5.16,5.08,5.17,5.06,85100
2014-09-02,5.11,5.20,5.32,5.08,73100
2014-09-03,5.09,5.10,5.22,5.08,78600
2014-09-04,5.15,5.11,5.32,5.11,93400
2014-09-05,5.16,5.15,5.27,5.10,58100
2014-09-08,5.15,5.13,5.23,5.11,68700
2014-09-09,5.19,5.16,5.23,5.08,73700
2014-09-10,5.18,5.18,5.24,5.14,54100
2014-09-11,5.27,5.17,5.32,5.12,148400
2014-09-12,5.24,5.25,5.30,5.10,66100
2014-09-15,5.17,5.18,5.26,5.16,54000
2014-09-16,5.12,5.14,5.23,5.12,50100
2014-09-17,5.18,5.14,5.24,5.10,78500
2014-09-18,5.29,5.19,5.29,5.10,70100
2014-09-19,5.22,5.28,5.30,5.10,267000
2014-09-22,5.09,5.17,5.17,5.06,68100
2014-09-23,5.11,5.06,5.12,5.03,698500
2014-09-24,5.09,5.15,5.15,5.03,81800
2014-09-25,4.97,5.11,5.11,4.95,81800
2014-09-26,5.00,4.97,5.17,4.84,62400
2014-09-29,5.11,4.94,5.11,4.92,1024700
2014-09-30,5.05,5.09,5.16,5.04,106800
2014-10-01,4.87,5.05,5.08,4.83,117700
2014-10-02,5.03,4.89,5.09,4.89,59200
2014-10-03,5.18,5.08,5.20,5.05,56200
2014-10-06,5.23,5.17,5.26,5.14,74000
2014-10-07,5.13,5.19,5.25,5.00,113600
2014-10-08,5.25,5.11,5.25,5.05,93500
2014-10-09,5.10,5.26,5.26,5.07,72600
2014-10-10,5.10,5.10,5.19,4.98,89200
2014-10-13,5.19,5.10,5.22,5.10,74500
2014-10-14,5.24,5.20,5.26,5.16,100200
2014-10-15,5.18,5.15,5.21,5.02,90100
2014-10-16,5.14,5.22,5.22,5.06,73800
2014-10-17,5.07,5.20,5.20,5.06,47200
2014-10-20,4.99,5.07,5.12,4.97,41300
2014-10-21,4.93,5.00,5.08,4.90,47400
2014-10-22,5.05,4.90,5.07,4.90,300300
2014-10-23,5.00,5.08,5.08,4.96,36200
2014-10-24,4.95,5.00,5.03,4.95,22000
2014-10-27,4.93,4.92,4.96,4.90,29900
2014-10-28,5.06,4.94,5.09,4.94,78200
2014-10-29,5.05,4.93,5.09,4.93,64300
2014-10-30,5.07,5.03,5.07,4.97,165100
2014-10-31,5.11,5.08,5.11,5.01,152600
2014-11-03,4.98,5.11,5.11,4.96,109600
2014-11-04,4.95,4.95,5.01,4.90,43400
2014-11-05,5.04,5.02,5.05,4.90,30200
2014-11-06,5.06,5.03,5.07,5.01,33000
2014-11-07,5.02,5.06,5.06,5.00,27100
2014-11-10,5.11,5.04,5.15,5.00,52500
2014-11-11,4.99,5.11,5.11,4.96,112700
2014-11-12,4.93,4.96,4.99,4.92,57000
2014-11-13,4.85,4.92,4.97,4.83,33600
2014-11-14,4.82,4.85,4.86,4.80,29500
2014-11-17,4.75,4.81,4.81,4.61,93700
2014-11-18,4.85,4.78,4.95,4.74,62100
2014-11-19,4.76,4.83,4.95,4.75,65000
2014-11-20,4.84,4.75,4.93,4.70,73600
2014-11-21,4.86,4.92,4.95,4.85,55200
2014-11-24,4.97,4.89,4.98,4.87,49500
2014-11-25,4.94,4.95,4.96,4.89,15000
2014-11-26,4.96,4.92,4.97,4.89,29200
2014-11-28,4.88,4.97,4.97,4.88,31000
2014-12-01,4.69,4.88,4.88,4.67,43600
2014-12-02,4.83,4.71,4.90,4.65,50800
2014-12-03,4.87,4.82,4.92,4.77,35900
2014-12-04,4.62,4.88,4.88,4.60,577800
2014-12-05,4.80,4.61,4.82,4.58,79600
2014-12-08,4.76,4.77,4.81,4.75,25600
2014-12-09,4.80,4.71,4.92,4.65,81300
2014-12-10,4.70,4.77,4.80,4.64,67200
2014-12-11,4.77,4.71,4.80,4.66,44500
2014-12-12,4.78,4.69,4.80,4.69,44300
2014-12-15,4.78,4.82,4.85,4.70,45000
2014-12-16,4.79,4.78,4.90,4.76,38700
2014-12-17,4.97,4.78,4.98,4.78,91300
2014-12-18,4.98,5.00,5.01,4.92,57900
2014-12-19,5.17,4.96,5.25,4.94,198900
2014-12-22,5.18,5.14,5.19,5.03,49700
2014-12-23,5.12,5.19,5.19,5.05,32800
2014-12-24,5.14,5.14,5.15,5.07,16400
2014-12-26,5.20,5.13,5.23,5.13,29200
2014-12-29,5.18,5.17,5.20,5.11,30500
2014-12-30,5.19,5.19,5.19,5.11,20900
2014-12-31,5.19,5.21,5.24,5.15,70300
2015-01-02,5.14,5.22,5.22,5.03,71300
2015-01-05,5.07,5.10,5.14,5.03,39500
2015-01-06,4.95,5.07,5.07,4.91,187900
2015-01-07,5.00,4.97,5.01,4.90,57400
2015-01-08,4.97,5.00,5.00,4.78,59400
2015-01-09,4.78,4.95,4.95,4.78,64300
2015-01-12,4.73,4.76,4.81,4.70,44500
2015-01-13,4.68,4.78,4.81,4.65,51200
2015-01-14,4.55,4.63,4.70,4.53,146400
2015-01-15,4.34,4.55,4.55,4.34,152300
2015-01-16,4.25,4.32,4.38,4.14,300900
2015-01-20,4.44,4.22,4.51,4.22,157300
2015-01-21,4.55,4.40,4.63,4.40,178200
2015-01-22,4.74,4.58,4.75,4.54,46400
2015-01-23,4.73,4.75,4.75,4.65,76700
2015-01-26,4.85,4.71,4.85,4.65,45600
2015-01-27,4.71,4.79,4.85,4.70,46900
2015-01-28,4.65,4.76,4.76,4.64,62500
2015-01-29,4.75,4.62,4.79,4.62,141400
2015-01-30,4.62,4.67,4.87,4.60,323200
2015-02-02,4.71,4.67,4.82,4.64,64600
2015-02-03,4.79,4.71,4.88,4.70,145500
2015-02-04,4.74,4.75,4.85,4.67,60900
2015-02-05,4.77,4.73,4.80,4.67,34200
2015-02-06,4.80,4.79,4.84,4.68,526000
2015-02-09,4.76,4.76,4.80,4.70,72100
2015-02-10,4.70,4.80,4.80,4.67,793900
2015-02-11,4.63,4.67,4.71,4.60,40100
2015-02-12,4.78,4.65,4.85,4.55,1012100
2015-02-13,4.90,4.77,4.95,4.72,145200
2015-02-17,4.86,4.90,4.90,4.79,139300
2015-02-18,4.86,4.86,4.90,4.75,125200
2015-02-19,4.83,4.85,4.88,4.73,82900
2015-02-20,4.80,4.85,4.85,4.69,67200
2015-02-23,4.75,4.75,4.83,4.70,82400
2015-02-24,4.72,4.74,4.80,4.67,56900
2015-02-25,4.81,4.69,4.85,4.68,181900
2015-02-26,4.87,4.79,4.87,4.76,60900
2015-02-27,4.84,4.85,4.86,4.80,70200
2015-03-02,4.85,4.85,4.90,4.79,60100
2015-03-03,4.69,4.82,4.82,4.68,112500
2015-03-04,4.72,4.65,4.79,4.64,188000
2015-03-05,4.71,4.71,4.78,4.68,143900
2015-03-06,4.75,4.66,4.83,4.66,66600
2015-03-09,4.83,4.77,4.87,4.74,92300
2015-03-10,4.79,4.77,4.84,4.75,41700
2015-03-11,4.83,4.79,4.84,4.74,46900
2015-03-12,4.93,4.85,4.95,4.84,99900
2015-03-13,4.89,4.92,4.93,4.87,56800
2015-03-16,4.84,4.86,4.86,4.78,65000
2015-03-17,4.85,4.79,4.85,4.75,45000
2015-03-18,4.84,4.85,4.88,4.80,27100
2015-03-19,4.81,4.81,4.84,4.78,30400
2015-03-20,4.86,4.83,4.87,4.78,221000
2015-03-23,4.81,4.86,4.88,4.71,89700
2015-03-24,4.82,4.84,4.84,4.78,53000
2015-03-25,4.77,4.80,4.82,4.75,49100
2015-03-26,4.81,4.78,4.83,4.75,72200
2015-03-27,4.83,4.80,4.83,4.77,69000
2015-03-30,4.87,4.83,4.87,4.82,147700
2015-03-31,4.80,4.82,4.89,4.76,52300
2015-04-01,4.84,4.79,4.88,4.72,125000
2015-04-02,4.88,4.85,4.88,4.80,45000
2015-04-06,4.84,4.85,4.86,4.80,106000
2015-04-07,4.84,4.84,4.85,4.83,88800
2015-04-08,4.84,4.84,4.85,4.77,135600
2015-04-09,4.83,4.84,4.88,4.79,120800
2015-04-10,4.78,4.86,4.86,4.76,45300
2015-04-13,4.83,4.76,4.84,4.72,55200
2015-04-14,4.82,4.81,4.85,4.76,89100
2015-04-15,4.90,4.82,4.90,4.81,176000
2015-04-16,4.90,4.90,4.90,4.84,64100
2015-04-17,4.79,4.86,4.89,4.74,54200
2015-04-20,4.80,4.75,4.86,4.73,191200
2015-04-21,5.01,4.82,5.15,4.79,586800
2015-04-22,5.02,5.09,5.09,4.99,173600
2015-04-23,5.05,5.03,5.05,5.01,68400
2015-04-24,5.04,5.05,5.05,4.98,86900
2015-04-27,4.98,5.02,5.05,4.92,112600
2015-04-28,5.00,5.01,5.05,4.95,74800
2015-04-29,4.96,4.95,5.02,4.92,37800
2015-04-30,4.82,4.92,4.95,4.76,134700
2015-05-01,4.83,4.80,4.84,4.71,113600
2015-05-04,4.80,4.80,4.91,4.77,54900
2015-05-05,4.74,4.82,4.89,4.70,84200
2015-05-06,4.74,4.79,4.81,4.72,61600
2015-05-07,4.85,4.74,4.86,4.70,49100
2015-05-08,4.85,4.91,4.91,4.76,54900
2015-05-11,4.87,4.78,4.90,4.77,118900
2015-05-12,4.82,4.84,4.88,4.76,140600
2015-05-13,4.90,4.82,4.90,4.76,116300
2015-05-14,4.90,4.91,4.94,4.87,106500
2015-05-15,4.90,4.88,4.91,4.84,65500
2015-05-18,4.95,4.87,4.96,4.85,169700
2015-05-19,4.99,4.95,4.99,4.85,167200
2015-05-20,4.95,5.00,5.00,4.89,139300
2015-05-21,4.97,4.86,5.00,4.85,95100
2015-05-22,4.97,4.98,5.00,4.80,360700
2015-05-26,4.88,4.93,4.98,4.87,85200
2015-05-27,4.95,4.91,4.95,4.85,77100
2015-05-28,4.93,4.92,4.95,4.91,37600
2015-05-29,4.96,4.91,5.00,4.91,86700
2015-06-01,4.96,5.00,5.00,4.93,63100
2015-06-02,4.99,4.93,5.00,4.93,83400
2015-06-03,4.98,5.00,5.00,4.95,81300
2015-06-04,4.92,4.94,5.00,4.89,105300
2015-06-05,4.93,4.94,5.00,4.92,69100
2015-06-08,4.96,4.90,5.00,4.89,104700
2015-06-09,5.00,4.97,5.00,4.89,287700
2015-06-10,4.99,4.99,5.09,4.95,234900
2015-06-11,5.01,4.98,5.07,4.96,180300
2015-06-12,4.99,5.00,5.05,4.95,140000
2015-06-15,4.97,4.91,5.03,4.90,80100
2015-06-16,5.03,4.95,5.07,4.93,98100
2015-06-17,5.01,5.03,5.08,5.01,47100
2015-06-18,5.07,5.01,5.08,4.99,61400
2015-06-19,5.10,5.09,5.10,5.05,124500
2015-06-22,5.18,5.16,5.18,5.10,53600
2015-06-23,5.25,5.19,5.26,5.18,112200
2015-06-24,5.23,5.21,5.27,5.20,145500
2015-06-25,5.22,5.22,5.29,5.16,60900
2015-06-26,5.25,5.25,5.28,5.19,309900
2015-06-29,5.14,5.21,5.25,5.10,83500
2015-06-30,5.18,5.16,5.21,5.13,62400
2015-07-01,5.21,5.22,5.27,5.19,60200
2015-07-02,5.30,5.24,5.32,5.16,104600
2015-07-06,5.32,5.24,5.35,5.19,78000
2015-07-07,5.28,5.35,5.35,5.21,94600
2015-07-08,5.22,5.22,5.32,5.20,153200
2015-07-09,5.27,5.30,5.33,5.20,66400
2015-07-10,5.27,5.30,5.34,5.25,43100
2015-07-13,5.30,5.32,5.32,5.25,45100
2015-07-14,5.36,5.30,5.36,5.29,55800
2015-07-15,5.41,5.39,5.43,5.35,48800
2015-07-16,5.40,5.45,5.48,5.37,61000
2015-07-17,5.33,5.42,5.42,5.27,40000
2015-07-20,5.32,5.37,5.38,5.31,19500
2015-07-21,5.27,5.31,5.37,5.26,29900
2015-07-22,5.29,5.25,5.35,5.25,17400
2015-07-23,5.10,5.28,5.28,5.07,71000
2015-07-24,5.10,5.07,5.17,5.04,40300
2015-07-27,5.26,5.10,5.27,5.07,1371500
2015-07-28,5.21,5.26,5.29,5.19,34300
2015-07-29,5.17,5.33,5.33,5.14,43200
2015-07-30,5.20,5.14,5.24,5.14,49900
2015-07-31,5.16,5.20,5.27,5.16,65200
2015-08-03,5.27,5.19,5.34,5.19,37600
2015-08-04,5.38,5.31,5.39,5.29,43900
2015-08-05,5.39,5.39,5.43,5.37,55600
2015-08-06,5.45,5.41,5.47,5.32,72000
2015-08-07,5.50,5.41,5.57,5.40,168900
2015-08-10,5.47,5.50,5.56,5.46,143800
2015-08-11,5.45,5.46,5.52,5.45,85300
2015-08-12,5.40,5.44,5.45,5.32,54200
2015-08-13,5.56,5.38,5.69,5.38,281800
2015-08-14,5.55,5.52,5.60,5.51,76500
2015-08-17,5.52,5.55,5.58,5.49,25900
2015-08-18,5.51,5.50,5.53,5.46,43400
2015-08-19,5.52,5.50,5.61,5.49,63100
2015-08-20,5.43,5.49,5.54,5.42,79800
2015-08-21,5.43,5.36,5.47,5.36,106600
2015-08-24,5.23,5.16,5.36,5.09,112600
2015-08-25,5.24,5.35,5.35,5.24,72500
2015-08-26,5.30,5.36,5.36,5.20,81500
2015-08-27,5.28,5.32,5.34,5.25,45700
2015-08-28,5.28,5.25,5.40,5.25,42100
2015-08-31,5.41,5.26,5.41,5.25,65800
2015-09-01,5.26,5.33,5.36,5.25,73300
2015-09-02,5.40,5.31,5.40,5.25,111000
2015-09-03,5.31,5.40,5.45,5.29,23600
2015-09-04,5.32,5.26,5.32,5.25,84700
2015-09-08,5.36,5.33,5.37,5.32,53700
2015-09-09,5.35,5.35,5.40,5.33,36000
2015-09-10,5.35,5.34,5.37,5.32,26200
2015-09-11,5.37,5.31,5.39,5.26,62500
2015-09-14,5.34,5.37,5.38,5.34,21200
2015-09-15,5.33,5.34,5.36,5.30,58400
2015-09-16,5.39,5.32,5.40,5.30,66000
2015-09-17,5.47,5.38,5.53,5.38,49800
2015-09-18,5.38,5.40,5.47,5.28,75700
2015-09-21,5.36,5.41,5.50,5.36,19100
2015-09-22,5.39,5.36,5.41,5.30,29100
2015-09-23,5.37,5.42,5.44,5.33,26800
2015-09-24,5.50,5.32,5.52,5.32,32300
2015-09-25,5.30,5.56,5.56,5.25,68100
2015-09-28,5.33,5.27,5.37,5.25,41200
2015-09-29,5.32,5.35,5.42,5.30,25300
2015-09-30,5.41,5.37,5.44,5.28,40500
2015-10-01,5.26,5.38,5.44,5.25,58300
2015-10-02,5.38,5.25,5.39,5.25,61700
2015-10-05,5.48,5.40,5.49,5.40,32000
2015-10-06,5.47,5.45,5.55,5.45,79100
2015-10-07,5.52,5.49,5.55,5.48,32200
2015-10-08,5.68,5.51,5.69,5.51,61300
2015-10-09,5.65,5.69,5.72,5.61,19000
2015-10-12,5.65,5.66,5.68,5.60,21700
2015-10-13,5.53,5.63,5.65,5.53,22000
2015-10-14,5.36,5.54,5.54,5.36,23800
2015-10-15,5.45,5.35,5.49,5.32,31900
2015-10-16,5.46,5.45,5.47,5.42,21500
2015-10-19,5.49,5.42,5.55,5.40,9500
2015-10-20,5.41,5.52,5.53,5.40,33100
2015-10-21,5.32,5.40,5.46,5.30,19700
2015-10-22,5.54,5.35,5.63,5.35,30900
2015-10-23,5.66,5.60,5.72,5.55,59600
2015-10-26,5.70,5.65,5.84,5.58,70100
2015-10-27,5.73,5.68,5.76,5.65,73200
2015-10-28,5.85,5.71,5.92,5.70,117300
2015-10-29,5.73,5.84,5.90,5.73,31200
2015-10-30,5.61,5.76,5.79,5.60,46100
2015-11-02,5.74,5.61,5.75,5.60,42400
2015-11-03,5.81,5.74,5.90,5.71,80600
2015-11-04,5.75,5.80,5.82,5.74,78100
2015-11-05,5.75,5.75,5.80,5.74,38900
2015-11-06,5.75,5.74,5.77,5.74,132900
2015-11-09,5.74,5.75,5.81,5.72,56700
2015-11-10,5.75,5.73,5.79,5.70,211700
2015-11-11,5.88,5.76,5.96,5.76,270400
2015-11-12,5.92,5.84,5.94,5.79,102500
2015-11-13,5.90,5.87,5.98,5.87,77900
2015-11-16,5.98,5.91,6.07,5.87,187500
2015-11-17,5.96,6.01,6.01,5.94,78200
2015-11-18,5.97,5.96,6.00,5.92,113700
2015-11-19,5.98,5.99,6.00,5.94,84200
2015-11-20,6.00,6.00,6.05,5.94,194800
2015-11-23,6.00,6.02,6.09,5.99,132300
2015-11-24,6.00,6.00,6.02,5.96,120600
2015-11-25,6.00,5.97,6.01,5.97,32400
2015-11-27,6.00,5.97,6.00,5.97,18100
2015-11-30,6.00,6.04,6.08,5.99,234400
2015-12-01,6.05,6.04,6.10,6.01,72900
2015-12-02,6.13,6.10,6.25,6.05,106100
2015-12-03,6.03,6.15,6.21,6.02,89000
2015-12-04,6.09,6.03,6.10,6.03,78400
2015-12-07,5.97,6.09,6.09,5.96,66800
2015-12-08,5.91,5.95,6.00,5.90,32400
2015-12-09,5.87,5.93,6.00,5.85,90800
2015-12-10,5.99,5.89,6.02,5.83,98100
2015-12-11,5.89,5.90,5.98,5.80,113500
2015-12-14,5.97,5.87,6.00,5.86,65400
2015-12-15,6.00,6.01,6.07,5.91,132900
2015-12-16,6.05,6.03,6.05,5.96,275900
2015-12-17,6.03,6.08,6.08,5.97,390800
2015-12-18,5.94,6.01,6.07,5.90,433800
2015-12-21,5.94,5.99,6.06,5.90,48200
2015-12-22,6.03,5.96,6.04,5.82,44000
2015-12-23,6.07,6.06,6.07,6.00,62900
2015-12-24,6.08,6.08,6.10,5.99,24800
2015-12-28,6.07,6.05,6.10,5.98,55400
2015-12-29,6.12,6.10,6.12,6.07,75000
2015-12-30,6.14,6.12,6.16,6.11,107600
2015-12-31,6.07,6.15,6.22,6.07,72400
2016-01-04,5.82,6.01,6.01,5.80,80100
2016-01-05,5.85,5.82,5.93,5.79,42900
2016-01-06,5.95,5.77,5.98,5.76,106400
2016-01-07,5.78,5.91,5.91,5.78,54700
2016-01-08,5.71,5.80,5.81,5.71,76700
2016-01-11,5.75,5.76,5.82,5.70,62600
2016-01-12,5.61,5.77,5.77,5.55,103600
2016-01-13,5.46,5.61,5.69,5.45,187600
2016-01-14,5.61,5.47,5.95,5.46,163100
2016-01-15,5.29,5.45,5.49,5.20,138300
2016-01-19,5.35,5.35,5.39,5.27,93400
2016-01-20,5.19,5.25,5.29,5.10,146700
2016-01-21,5.03,5.19,5.29,5.01,263000
2016-01-22,5.21,5.06,5.30,5.06,76700
2016-01-25,5.12,5.17,5.23,5.12,71400
2016-01-26,5.16,5.17,5.26,5.14,51600
2016-01-27,5.26,5.16,5.35,5.12,148700
2016-01-28,5.29,5.35,5.42,5.23,135800
2016-01-29,5.40,5.29,5.45,5.24,193200
2016-02-01,5.30,5.36,5.37,5.23,95700
2016-02-02,5.11,5.22,5.24,5.10,45600
2016-02-03,5.17,5.13,5.20,5.03,111500
2016-02-04,5.22,5.15,5.26,5.10,87400
2016-02-05,5.28,5.22,5.33,5.22,244600
2016-02-08,5.30,5.21,5.33,5.19,99500
2016-02-09,5.42,5.23,5.47,5.23,143200
2016-02-10,5.36,5.43,5.50,5.34,57300
2016-02-11,5.31,5.26,5.33,5.22,42100
2016-02-12,5.40,5.35,5.40,5.28,59300
2016-02-16,5.42,5.42,5.45,5.33,32100
2016-02-17,5.33,5.44,5.44,5.29,50200
2016-02-18,5.31,5.32,5.42,5.27,109800
2016-02-19,5.46,5.31,5.46,5.31,66100
2016-02-22,5.46,5.48,5.49,5.42,75100
2016-02-23,5.41,5.45,5.48,5.38,62900
2016-02-24,5.41,5.34,5.45,5.32,47900
2016-02-25,5.47,5.44,5.47,5.43,20800
2016-02-26,5.46,5.49,5.50,5.42,34000
2016-02-29,5.36,5.44,5.44,5.34,53300
2016-03-01,5.44,5.37,5.45,5.36,32800
2016-03-02,5.49,5.43,5.50,5.39,63500
2016-03-03,5.66,5.50,5.66,5.46,59700
2016-03-04,5.66,5.65,5.67,5.60,40300
2016-03-07,5.64,5.62,5.66,5.62,42500
2016-03-08,5.64,5.59,5.72,5.52,51700
2016-03-09,5.68,5.68,5.72,5.64,20500
2016-03-10,5.69,5.70,5.75,5.63,35300
2016-03-11,5.80,5.73,5.81,5.69,43200
2016-03-14,5.61,5.76,5.78,5.58,25100
2016-03-15,5.38,5.60,5.60,5.38,21100
2016-03-16,5.38,5.32,5.46,5.32,61000
2016-03-17,5.49,5.36,5.50,5.31,43600
2016-03-18,5.66,5.50,5.67,5.46,254500
2016-03-21,5.65,5.68,5.73,5.63,29400
2016-03-22,5.66,5.65,5.69,5.63,74000
2016-03-23,5.64,5.64,5.71,5.60,76400
2016-03-24,5.69,5.64,5.70,5.60,27200
2016-03-28,5.65,5.69,5.69,5.61,23700
2016-03-29,5.73,5.63,5.75,5.61,100300
2016-03-30,5.77,5.79,5.82,5.65,20400
2016-03-31,5.71,5.79,5.84,5.71,106000
2016-04-01,5.74,5.70,5.84,5.60,77200
2016-04-04,5.72,5.70,5.77,5.68,53600
2016-04-05,5.64,5.72,5.73,5.62,48000
2016-04-06,5.65,5.63,5.71,5.57,29200
2016-04-07,5.62,5.65,5.77,5.60,69100
2016-04-08,5.65,5.65,5.68,5.56,36200
2016-04-11,5.62,5.65,5.71,5.60,21900
2016-04-12,5.66,5.61,5.71,5.56,41100
2016-04-13,5.70,5.70,5.74,5.69,57500
2016-04-14,5.75,5.70,5.75,5.70,28600
2016-04-15,5.77,5.73,5.85,5.70,41000
2016-04-18,5.73,5.77,5.78,5.64,56000
2016-04-19,5.76,5.71,5.79,5.71,24300
2016-04-20,5.74,5.75,5.84,5.73,57300
2016-04-21,5.72,5.71,5.75,5.68,48200
2016-04-22,5.86,5.72,5.89,5.72,44600
2016-04-25,5.87,5.85,5.89,5.81,24800
2016-04-26,5.88,5.86,5.95,5.86,51900
2016-04-27,5.96,5.90,5.97,5.87,84100
2016-04-28,5.95,5.72,6.01,5.72,66600
2016-04-29,6.05,5.94,6.09,5.77,117700
2016-05-02,6.02,6.00,6.04,5.94,74500
2016-05-03,6.01,6.00,6.02,5.95,54700
2016-05-04,5.95,5.95,6.03,5.89,46200
2016-05-05,5.91,5.96,6.02,5.89,85800
2016-05-06,5.85,5.91,5.91,5.80,32100
2016-05-09,5.75,5.81,5.85,5.75,31300
2016-05-10,5.79,5.73,5.86,5.73,37700
2016-05-11,5.74,5.78,5.79,5.73,220800
2016-05-12,5.73,5.75,5.76,5.67,24100
2016-05-13,5.68,5.70,5.75,5.65,22900
2016-05-16,5.68,5.66,5.72,5.66,29500
2016-05-17,5.63,5.67,5.67,5.45,90300
2016-05-18,5.66,5.60,5.67,5.60,31500
2016-05-19,5.59,5.67,5.68,5.53,26100
2016-05-20,5.62,5.60,5.65,5.59,33500
2016-05-23,5.62,5.63,5.65,5.60,29700
2016-05-24,5.72,5.65,5.75,5.65,51500
2016-05-25,5.71,5.71,5.74,5.67,21400
2016-05-26,5.69,5.71,5.71,5.66,33700
2016-05-27,5.69,5.68,5.72,5.64,98700
2016-05-31,5.65,5.69,5.70,5.63,100300
2016-06-01,5.70,5.63,5.70,5.57,33800
2016-06-02,5.70,5.69,5.70,5.55,77500
2016-06-03,5.59,5.68,5.68,5.55,60900
2016-06-06,5.70,5.58,5.70,5.58,41000
2016-06-07,5.73,5.70,5.75,5.66,51400
2016-06-08,5.61,5.71,5.73,5.58,188300
2016-06-09,5.64,5.60,5.67,5.55,41000
2016-06-10,5.67,5.63,5.73,5.61,48800
2016-06-13,5.56,5.67,5.70,5.55,36200
2016-06-14,5.61,5.57,5.62,5.52,35300
2016-06-15,5.65,5.63,5.71,5.59,39800
2016-06-16,5.65,5.64,5.69,5.60,52700
2016-06-17,5.62,5.63,5.77,5.59,169100
2016-06-20,5.68,5.73,5.75,5.67,34500
2016-06-21,5.67,5.69,5.73,5.64,21200
2016-06-22,5.61,5.68,5.69,5.59,20800
2016-06-23,5.66,5.66,5.75,5.61,87400
2016-06-24,5.43,5.50,5.57,5.40,226300
2016-06-27,5.32,5.38,5.39,5.27,185700
2016-06-28,5.35,5.34,5.38,5.30,76400
2016-06-29,5.32,5.35,5.40,5.30,94600
2016-06-30,5.54,5.35,5.58,5.34,143900
2016-07-01,5.59,5.50,5.61,5.39,59500
2016-07-05,5.42,5.52,5.54,5.39,33400
2016-07-06,5.48,5.43,5.50,5.40,66400
2016-07-07,5.45,5.52,5.55,5.42,12400
2016-07-08,5.64,5.49,5.70,5.49,93000
2016-07-11,5.66,5.64,5.69,5.58,47800
2016-07-12,5.68,5.68,5.71,5.67,81700
2016-07-13,5.70,5.72,5.74,5.57,31000
2016-07-14,5.71,5.74,5.75,5.67,19600
2016-07-15,5.75,5.75,5.75,5.62,60800
2016-07-18,5.74,5.70,5.75,5.70,42200
2016-07-19,5.66,5.74,5.75,5.65,35000
2016-07-20,5.62,5.66,5.74,5.60,84700
2016-07-21,5.50,5.62,5.75,5.50,60200
2016-07-22,5.51,5.56,5.59,5.49,19300
2016-07-25,5.48,5.46,5.53,5.46,18000
2016-07-26,5.49,5.57,5.57,5.46,21200
2016-07-27,5.68,5.49,5.70,5.49,314500
2016-07-28,5.79,5.79,5.80,5.67,40400
2016-07-29,5.64,5.77,5.78,5.57,71100
2016-08-01,5.65,5.62,5.73,5.57,33600
2016-08-02,5.67,5.75,5.77,5.66,29700
2016-08-03,5.54,5.66,5.66,5.53,33400
2016-08-04,5.58,5.59,5.60,5.50,33700
2016-08-05,5.69,5.64,5.76,5.48,37500
2016-08-08,5.62,5.69,5.69,5.62,19000
2016-08-09,5.68,5.61,5.69,5.61,38300
2016-08-10,5.65,5.68,5.69,5.65,25300
2016-08-11,5.73,5.65,5.75,5.63,94300
2016-08-12,5.74,5.70,5.74,5.66,25600
2016-08-15,5.70,5.72,5.75,5.69,87100
2016-08-16,5.77,5.70,5.79,5.66,127900
2016-08-17,5.85,5.78,5.89,5.76,21600
2016-08-18,5.90,5.88,5.90,5.83,17000
2016-08-19,5.93,5.90,5.99,5.80,86800
2016-08-22,5.99,5.93,6.00,5.93,49400
2016-08-23,5.99,6.00,6.01,5.99,72200
2016-08-24,5.99,6.00,6.05,5.99,85400
2016-08-25,6.00,6.00,6.01,5.99,726900
2016-08-26,6.00,6.00,6.02,5.99,275900
2016-08-29,6.03,6.00,6.05,6.00,26000
2016-08-30,6.08,6.04,6.10,6.04,44700
2016-08-31,6.02,6.09,6.09,5.99,360000
2016-09-01,6.26,6.04,6.27,5.97,219300
2016-09-02,6.21,6.25,6.25,6.17,47000
2016-09-06,6.19,6.21,6.25,6.13,33600
2016-09-07,6.14,6.20,6.23,6.06,47100
2016-09-08,6.04,6.14,6.15,6.00,98000
2016-09-09,6.03,6.09,6.10,5.98,68400
2016-09-12,6.01,6.00,6.12,5.95,53400
2016-09-13,5.98,6.00,6.04,5.94,51500
2016-09-14,5.98,6.00,6.04,5.90,49700
2016-09-15,5.98,5.96,6.02,5.91,67200
2016-09-16,6.07,5.99,6.10,5.99,558800
2016-09-19,6.17,6.06,6.17,6.06,32800
2016-09-20,6.17,6.19,6.20,6.14,20500
2016-09-21,6.06,6.19,6.23,6.00,121600
2016-09-22,6.14,6.09,6.17,6.03,368500
2016-09-23,6.10,6.11,6.19,6.06,51000
2016-09-26,6.07,6.07,6.10,6.01,61800
2016-09-27,6.12,6.09,6.17,6.04,55100
2016-09-28,6.09,6.12,6.12,6.05,86700
2016-09-29,6.01,6.09,6.10,5.99,18800
2016-09-30,6.06,6.02,6.10,6.00,153000
2016-10-03,6.04,6.04,6.10,6.00,163700
2016-10-04,6.03,6.02,6.13,6.02,18100
2016-10-05,6.06,6.02,6.13,6.01,34300
2016-10-06,6.01,6.00,6.08,5.93,31200
2016-10-07,6.05,6.00,6.10,5.98,48100
2016-10-10,6.11,6.08,6.15,6.08,26700
2016-10-11,6.11,6.12,6.15,6.08,33900
2016-10-12,6.13,6.12,6.20,6.10,75300
2016-10-13,6.08,6.11,6.14,6.05,31200
2016-10-14,6.06,6.09,6.11,6.02,23400
2016-10-17,6.07,6.08,6.11,6.03,20300
2016-10-18,6.04,6.13,6.19,6.02,27700
2016-10-19,6.09,6.05,6.15,6.05,56000
2016-10-20,6.32,6.15,6.41,6.15,173900
2016-10-21,6.36,6.25,6.39,6.22,24400
2016-10-24,6.45,6.40,6.49,6.33,27500
2016-10-25,6.26,6.42,6.45,6.24,38300
2016-10-26,6.11,6.23,6.28,6.00,73800
2016-10-27,6.17,6.45,6.45,6.13,22300
2016-10-28,6.17,6.15,6.27,5.96,34000
2016-10-31,6.11,6.39,6.39,6.06,138100
2016-11-01,6.17,6.12,6.25,6.10,313100
2016-11-02,6.06,6.19,6.21,6.05,58600
2016-11-03,6.12,6.08,6.13,6.04,26900
2016-11-04,6.07,6.15,6.18,6.06,39400
2016-11-07,6.25,6.17,6.29,6.10,54100
2016-11-08,6.24,6.25,6.25,6.19,19200
2016-11-09,6.54,6.30,6.54,6.23,112600
2016-11-10,6.94,6.55,6.96,6.55,146900
2016-11-11,6.95,6.98,6.98,6.87,227900
2016-11-14,6.95,6.98,6.98,6.85,109600
2016-11-15,6.92,6.95,6.95,6.89,121900
2016-11-16,6.94,6.89,6.97,6.89,45100
2016-11-17,6.94,6.92,6.95,6.68,37400
2016-11-18,7.05,7.11,7.25,7.00,3583400
2016-11-21,7.08,7.05,7.08,7.00,2445000
2016-11-22,7.13,7.07,7.20,7.05,2313000
2016-11-23,7.22,7.11,7.25,7.09,1292600
2016-11-25,7.29,7.26,7.30,7.12,408800
2016-11-28,7.20,7.30,7.37,7.19,307300
2016-11-29,7.17,7.25,7.36,7.17,1358600
2016-11-30,7.28,7.18,7.31,7.18,2376900
2016-12-01,7.35,7.27,7.35,7.26,1715400
2016-12-02,7.45,7.30,7.50,7.23,865900
2016-12-05,7.57,7.46,7.60,7.40,1313400
2016-12-06,7.65,7.56,7.67,7.53,1179200
2016-12-07,7.71,7.61,7.73,7.57,642900
2016-12-08,7.81,7.71,7.83,7.68,1056800
2016-12-09,7.97,7.83,7.97,7.76,457600
2016-12-12,7.87,7.99,8.03,7.84,188400
2016-12-13,7.94,7.86,8.00,7.86,256300
2016-12-14,7.85,7.86,7.95,7.80,89600
2016-12-15,8.03,7.87,8.03,7.87,533000
2016-12-16,7.94,8.01,8.15,7.90,196300
2016-12-19,7.99,7.91,8.00,7.86,142100
2016-12-20,8.05,7.99,8.10,7.93,150100
2016-12-21,8.11,8.02,8.14,8.00,88900
2016-12-22,8.08,8.09,8.15,7.97,160200
2016-12-23,8.08,8.06,8.11,8.00,47100
2016-12-27,8.12,8.12,8.15,8.06,60700
2016-12-28,8.13,8.12,8.16,8.02,124300
2016-12-29,8.09,8.13,8.15,8.03,105500
2016-12-30,8.12,8.08,8.14,8.01,41200
2017-01-03,8.14,8.15,8.19,7.95,160600
2017-01-04,8.19,8.17,8.21,8.13,98800
2017-01-05,7.97,8.15,8.24,7.91,48700
2017-01-06,7.95,7.99,8.00,7.90,49400
2017-01-09,7.87,7.91,7.93,7.78,57800
2017-01-10,8.04,7.86,8.06,7.86,83300
2017-01-11,8.01,8.04,8.07,7.93,71700
2017-01-12,7.86,7.98,7.98,7.77,68600
2017-01-13,7.89,7.89,8.05,7.79,86500
2017-01-17,7.78,7.83,7.91,7.75,93400
2017-01-18,7.77,7.83,7.84,7.70,62600
2017-01-19,7.77,7.80,7.83,7.69,153000
2017-01-20,7.84,7.71,7.92,7.71,91700
2017-01-23,7.82,7.77,7.89,7.73,85800
2017-01-24,7.89,7.83,7.95,7.78,35900
2017-01-25,7.90,7.96,8.00,7.85,470100
2017-01-26,7.87,7.85,7.91,7.74,212100
2017-01-27,7.96,7.89,8.00,7.84,336100
2017-01-30,7.89,7.86,7.93,7.77,62800
2017-01-31,7.97,7.86,8.00,7.85,100800
2017-02-01,7.88,8.00,8.00,7.82,82300
2017-02-02,7.73,7.85,7.88,7.69,70400
2017-02-03,7.93,7.83,7.94,7.74,52100
2017-02-06,7.78,7.93,7.93,7.76,40000
2017-02-07,7.78,7.82,7.87,7.70,63000
2017-02-08,7.64,7.73,7.76,7.56,51900
2017-02-09,7.73,7.64,7.79,7.64,101200
2017-02-10,7.93,7.80,7.95,7.78,87100
2017-02-13,7.91,8.00,8.00,7.87,38300
2017-02-14,7.95,7.94,7.98,7.90,93700
2017-02-15,7.99,7.94,8.00,7.90,108100
2017-02-16,8.02,7.96,8.05,7.93,350100
2017-02-17,8.06,8.03,8.15,7.93,143100
2017-02-21,8.09,8.07,8.09,8.03,715900
2017-02-22,8.16,8.09,8.18,7.99,1979900
2017-02-23,8.36,8.20,8.40,8.15,55000
2017-02-24,8.42,8.28,8.43,8.24,95100
2017-02-27,8.33,8.43,8.43,8.23,70200
2017-02-28,8.25,8.27,8.31,8.13,76900
2017-03-01,8.41,8.34,8.52,8.33,103800
2017-03-02,8.26,8.39,8.40,8.23,65300
2017-03-03,8.25,8.23,8.32,8.22,89700
2017-03-06,8.23,8.20,8.28,8.15,91800
2017-03-07,8.19,8.20,8.25,8.17,139900
2017-03-08,8.09,8.22,8.30,8.09,57600
2017-03-09,8.10,8.09,8.18,8.06,87500
2017-03-10,8.05,8.15,8.15,8.00,203400
2017-03-13,8.04,8.01,8.14,7.98,100800
2017-03-14,8.04,7.96,8.06,7.94,153100
2017-03-15,8.03,8.00,8.15,7.98,96700
2017-03-16,8.10,8.04,8.14,8.04,97000
2017-03-17,8.03,8.03,8.11,7.95,131400
2017-03-20,7.88,8.01,8.01,7.87,48100
2017-03-21,7.51,7.89,7.91,7.50,78200
2017-03-22,7.54,7.44,7.56,7.40,78700
2017-03-23,7.58,7.54,7.67,7.54,53200
2017-03-24,7.67,7.62,7.74,7.56,288300
2017-03-27,7.59,7.49,7.62,7.40,43900
2017-03-28,7.67,7.55,7.70,7.55,28900
2017-03-29,7.59,7.65,7.66,7.58,21100
2017-03-30,7.83,7.63,7.84,7.63,67900
2017-03-31,7.71,7.79,7.79,7.69,82900
2017-04-03,7.65,7.74,7.77,7.64,52000
2017-04-04,7.67,7.67,7.67,7.56,93200
2017-04-05,7.55,7.72,7.76,7.53,93900
2017-04-06,7.65,7.53,7.67,7.50,98000
2017-04-07,7.59,7.59,7.66,7.55,100100
2017-04-10,7.53,7.51,7.65,7.48,70300
2017-04-11,7.59,7.46,7.61,7.46,59400
2017-04-12,7.48,7.54,7.64,7.48,70500
2017-04-13,7.34,7.40,7.51,7.34,175300
2017-04-17,7.42,7.32,7.45,7.28,61400
